"","Date","ppt..mm.","tmin..degrees.C.","tmean..degrees.C.","tmax..degrees.C.","tdmean..degrees.C.","vpdmin..hPa.","vpdmax..hPa.","agency_cd","site_no","X_00010_00003","X_00010_00003_cd","X_00060_00003","X_00060_00003_cd","yr","mo","waterYear","doy"
"91",2016-06-01,0,5,14.7,24.4,0,2.85,25.03,"USGS","13307000",14.4,"A",5160,"A","2016",6,2016,153
"92",2016-06-02,0,7.6,17.4,27.3,2.6,3.22,30.06,"USGS","13307000",14.4,"A",5420,"A","2016",6,2016,154
"93",2016-06-03,0,9.6,15.7,21.9,4.2,3.2,19.3,"USGS","13307000",14.5,"A",5710,"A","2016",6,2016,155
"94",2016-06-04,0,8.8,18.4,28,4.1,2.88,30.65,"USGS","13307000",15.8,"A",6030,"A","2016",6,2016,156
"95",2016-06-05,0,10.4,21.6,32.9,5.3,4.42,42.04,"USGS","13307000",16.9,"A",6700,"A","2016",6,2016,157
"96",2016-06-06,0,13,23.5,34.1,6.8,5.47,45.22,"USGS","13307000",17.1,"A",7510,"A","2016",6,2016,158
"97",2016-06-07,1.53,13,22.4,31.8,8.7,3.63,36.86,"USGS","13307000",16.4,"A",8330,"A","2016",6,2016,159
"98",2016-06-08,0,12.6,22.5,32.5,8.8,2.8,40.02,"USGS","13307000",16.3,"A",8580,"A","2016",6,2016,160
"99",2016-06-09,0,12.7,22.9,33.2,8.1,3.12,42.28,"USGS","13307000",16.3,"A",8640,"A","2016",6,2016,161
"100",2016-06-10,0,11.1,19.6,28.1,5.3,3.67,30.82,"USGS","13307000",16,"A",8390,"A","2016",6,2016,162
"101",2016-06-11,0,10.1,20.6,31,4.2,3.18,39.21,"USGS","13307000",15.7,"A",7730,"A","2016",6,2016,163
"102",2016-06-12,0,5.9,14.5,23,1.6,2.98,22.31,"USGS","13307000",14.9,"A",7130,"A","2016",6,2016,164
"103",2016-06-13,0,5,15.2,25.5,-2.7,2.91,29.26,"USGS","13307000",15,"A",6380,"A","2016",6,2016,165
"104",2016-06-14,0,7.7,17.6,27.5,-1.8,4.2,32.72,"USGS","13307000",15,"A",5730,"A","2016",6,2016,166
"105",2016-06-15,1.09,6.9,11.5,16.1,1.5,3.08,11.86,"USGS","13307000",13.5,"A",5380,"A","2016",6,2016,167
"106",2016-06-16,9.84,5.4,10.3,15.2,4.8,0.21,9.89,"USGS","13307000",13.2,"A",5320,"A","2016",6,2016,168
"107",2016-06-17,0.91,3.4,10,16.6,0.6,0.75,13.27,"USGS","13307000",13.3,"A",4930,"A","2016",6,2016,169
"108",2016-06-18,0,3.2,13.8,24.5,2.1,1.47,24.48,"USGS","13307000",14.9,"A",4480,"A","2016",6,2016,170
"109",2016-06-19,0,7.4,17.8,28.3,2.6,3.03,32.57,"USGS","13307000",15.6,"A",4090,"A","2016",6,2016,171
"110",2016-06-20,0,6.2,16,25.8,-1.4,2.99,28.91,"USGS","13307000",16.6,"A",3870,"A","2016",6,2016,172
"111",2016-06-21,0,8.6,21.1,33.6,0,4.72,47.51,"USGS","13307000",17.7,"A",3610,"A","2016",6,2016,173
"112",2016-06-22,0,9.2,18.5,27.8,-0.8,5.5,33.3,"USGS","13307000",17.9,"A",3500,"A","2016",6,2016,174
"113",2016-06-23,0,8.9,20,31.1,-0.5,5.06,40.47,"USGS","13307000",18.5,"A",3490,"A","2016",6,2016,175
"114",2016-06-24,0,11.3,21.7,32.1,2.4,5.64,42.17,"USGS","13307000",18.5,"A",3420,"A","2016",6,2016,176
"115",2016-06-25,0,5.9,14.8,23.6,0.5,3.07,23.9,"USGS","13307000",17.3,"A",3400,"A","2016",6,2016,177
"116",2016-06-26,0,5.9,16.4,26.8,-0.6,3.41,30.81,"USGS","13307000",17.9,"A",3310,"A","2016",6,2016,178
"117",2016-06-27,0,9.6,20.2,30.7,1.5,5.13,38.83,"USGS","13307000",18.8,"A",3180,"A","2016",6,2016,179
"118",2016-06-28,0,12,23.3,34.6,2.6,6.11,49.01,"USGS","13307000",20,"A",2990,"A","2016",6,2016,180
"119",2016-06-29,0,15.5,25.5,35.5,4.5,9.06,51.26,"USGS","13307000",20.6,"A",2890,"A","2016",6,2016,181
"120",2016-06-30,0.59,15,25.3,35.7,5.5,7.23,52.27,"USGS","13307000",20.7,"A",2830,"A","2016",6,2016,182
"121",2016-07-01,1.95,12.5,22,31.6,8.7,3.12,36.72,"USGS","13307000",20.3,"A",2890,"A","2016",7,2016,183
"122",2016-07-02,0,11.8,22.7,33.7,6.8,3.76,44.87,"USGS","13307000",20.7,"A",2910,"A","2016",7,2016,184
"123",2016-07-03,0,12.7,22.5,32.2,5.8,5.12,40.53,"USGS","13307000",20.2,"A",2780,"A","2016",7,2016,185
"124",2016-07-04,0,11.7,21.6,31.4,5,4.75,38.57,"USGS","13307000",19.9,"A",2700,"A","2016",7,2016,186
"125",2016-07-05,0,9.5,19.2,29,0.5,4.54,36.03,"USGS","13307000",18.9,"A",2580,"A","2016",7,2016,187
"126",2016-07-06,0,8.5,17.4,26.3,0.8,4.14,29.49,"USGS","13307000",18.3,"A",2520,"A","2016",7,2016,188
"127",2016-07-07,0,7,15.5,23.9,2,3.19,23.46,"USGS","13307000",17.6,"A",2420,"A","2016",7,2016,189
"128",2016-07-08,0,6.2,16.9,27.7,1.9,2.83,30.82,"USGS","13307000",18.7,"A",2350,"A","2016",7,2016,190
"129",2016-07-09,0,12.5,21.7,30.9,3.9,6.43,37.07,"USGS","13307000",18.7,"A",2230,"A","2016",7,2016,191
"130",2016-07-10,2.19,11.8,18.3,24.8,8,1.68,21.42,"USGS","13307000",17.5,"A",2210,"A","2016",7,2016,192
"131",2016-07-11,6.54,6.1,11.4,16.8,6.1,0.48,9.83,"USGS","13307000",15.9,"A",2270,"A","2016",7,2016,193
"132",2016-07-12,0.57,5.1,12.6,20.1,5.4,0.43,14.91,"USGS","13307000",16.3,"A",2290,"A","2016",7,2016,194
"133",2016-07-13,3.5,5.6,13.9,22.2,6.4,0.51,18.46,"USGS","13307000",16.8,"A",2320,"A","2016",7,2016,195
"134",2016-07-14,0,6.6,15.9,25.2,4.4,0.78,25.1,"USGS","13307000",18.2,"A",2160,"A","2016",7,2016,196
"135",2016-07-15,0,7.7,18.7,29.7,2.8,3.04,35.98,"USGS","13307000",19.2,"A",2040,"A","2016",7,2016,197
"136",2016-07-16,0,9.6,20.2,30.7,4.3,3.58,36.6,"USGS","13307000",19.2,"A",1940,"A","2016",7,2016,198
"137",2016-07-17,0,9.5,18.3,27.1,3.6,3.24,29.33,"USGS","13307000",19.6,"A",1860,"A","2016",7,2016,199
"138",2016-07-18,0,8.8,19,29.1,4.4,3.01,32.96,"USGS","13307000",20.1,"A",1800,"A","2016",7,2016,200
"139",2016-07-19,0,11.6,23.3,34.9,0.9,4.95,51.71,"USGS","13307000",20.2,"A",1720,"A","2016",7,2016,201
"140",2016-07-20,0,11,22.7,34.3,1.2,6.58,49.62,"USGS","13307000",20.6,"A",1630,"A","2016",7,2016,202
"141",2016-07-21,0,13.4,23.2,33.1,4.1,6.25,44.65,"USGS","13307000",21.3,"A",1540,"A","2016",7,2016,203
"142",2016-07-22,0,12.3,24.3,36.3,2.1,5.89,55.41,"USGS","13307000",21.6,"A",1470,"A","2016",7,2016,204
"143",2016-07-23,0,12.2,22.6,33,2,5.87,46.52,"USGS","13307000",20.9,"A",1420,"A","2016",7,2016,205
"144",2016-07-24,0,10.5,19.8,29.1,3.2,4.54,34.24,"USGS","13307000",20.9,"A",1390,"A","2016",7,2016,206
"145",2016-07-25,0,9.9,21.7,33.5,3.2,4.57,45.32,"USGS","13307000",21.6,"A",1380,"A","2016",7,2016,207
"146",2016-07-26,0,13.1,23.7,34.3,3.7,7.26,47.74,"USGS","13307000",21.2,"A",1360,"A","2016",7,2016,208
"147",2016-07-27,0,12.3,21.9,31.5,5.6,5.71,38.54,"USGS","13307000",20.7,"A",1340,"A","2016",7,2016,209
"148",2016-07-28,0,11.6,23.4,35.2,5.4,4.64,49.83,"USGS","13307000",21.7,"A",1350,"A","2016",7,2016,210
"149",2016-07-29,0,14,24.3,34.6,5.8,6.48,47.76,"USGS","13307000",22.4,"A",1310,"A","2016",7,2016,211
"150",2016-07-30,0,14,24.7,35.3,5.3,7.16,51.31,"USGS","13307000",22.7,"A",1220,"A","2016",7,2016,212
"151",2016-07-31,0,14.4,25.4,36.5,3.5,8.28,55.28,"USGS","13307000",22.3,"A",1180,"A","2016",7,2016,213
"152",2016-08-01,0,11.1,22.1,33.2,-2.1,8.3,47.26,"USGS","13307000",21.5,"A",1150,"A","2016",8,2016,214
"153",2016-08-02,0,9.3,21.2,33.1,-3.2,7.63,47.44,"USGS","13307000",20.9,"A",1140,"A","2016",8,2016,215
"154",2016-08-03,0,10.1,22.8,35.6,-2.3,7.24,53.36,"USGS","13307000",20,"A",1090,"A","2016",8,2016,216
"155",2016-08-04,0,9.1,18,26.8,0,4.72,30.52,"USGS","13307000",19.9,"A",1070,"A","2016",8,2016,217
"156",2016-08-05,0,7.9,19.9,32,0.9,3.57,42.8,"USGS","13307000",20,"A",1060,"A","2016",8,2016,218
"157",2016-08-06,0,10.9,21.1,31.4,1,7.52,40.82,"USGS","13307000",19.8,"A",1090,"A","2016",8,2016,219
"158",2016-08-07,1.62,10.5,20.6,30.6,6.4,2.84,36.11,"USGS","13307000",19.1,"A",1120,"A","2016",8,2016,220
"159",2016-08-08,0.87,8.9,17.5,26.2,8,1.83,23.81,"USGS","13307000",18.4,"A",1150,"A","2016",8,2016,221
"160",2016-08-09,0,7.9,18.1,28.3,5.4,1.9,31.06,"USGS","13307000",18.3,"A",1110,"A","2016",8,2016,222
"161",2016-08-10,0.09,6.3,15.5,24.7,4.8,2.33,22.55,"USGS","13307000",17.6,"A",1090,"A","2016",8,2016,223
"162",2016-08-11,0,5.4,15.1,24.8,3.4,2.1,24.37,"USGS","13307000",18.4,"A",1070,"A","2016",8,2016,224
"163",2016-08-12,0,8,17.9,27.9,4.8,2.74,29.96,"USGS","13307000",19.4,"A",1060,"A","2016",8,2016,225
"164",2016-08-13,0,9.3,19.8,30.3,4.3,3.83,36.76,"USGS","13307000",20,"A",1050,"A","2016",8,2016,226
"165",2016-08-14,0,9.7,20.9,32.1,3.5,4.95,41.57,"USGS","13307000",20.4,"A",1020,"A","2016",8,2016,227
"166",2016-08-15,1,11.3,22.3,33.4,4,6.57,44.97,"USGS","13307000",20.5,"A",1030,"A","2016",8,2016,228
"167",2016-08-16,0,10.6,22.7,34.7,2.5,6.7,49.92,"USGS","13307000",20.8,"A",1020,"A","2016",8,2016,229
"168",2016-08-17,0,12.1,23.9,35.7,1.6,8.66,53.38,"USGS","13307000",20.8,"A",989,"A","2016",8,2016,230
"169",2016-08-18,0,12.7,23.3,33.9,3.4,8.05,46.33,"USGS","13307000",20.8,"A",985,"A","2016",8,2016,231
"170",2016-08-19,0,11,22.3,33.6,5,4.24,45.56,"USGS","13307000",20.7,"A",949,"A","2016",8,2016,232
"171",2016-08-20,0,8,18,27.9,-0.2,4.45,32.77,"USGS","13307000",19.9,"A",958,"A","2016",8,2016,233
"172",2016-08-21,0,7.5,20.2,33,-2.2,5.81,46.44,"USGS","13307000",19.9,"A",940,"A","2016",8,2016,234
"173",2016-08-22,0,9.3,21.5,33.7,-3.4,8.45,48.16,"USGS","13307000",19.5,"A",914,"A","2016",8,2016,235
"174",2016-08-23,0,8.1,18.7,29.3,-4.8,6.32,37.69,"USGS","13307000",18.5,"A",899,"A","2016",8,2016,236
"175",2016-08-24,0,6.5,16.1,25.8,-1.4,4.94,28.56,"USGS","13307000",17.8,"A",881,"A","2016",8,2016,237
"176",2016-08-25,0,6.3,15.7,25.2,1.2,4.09,26.5,"USGS","13307000",17.7,"A",890,"A","2016",8,2016,238
"177",2016-08-26,0,6.1,16,25.8,-0.3,4.05,28.05,"USGS","13307000",17.8,"A",890,"A","2016",8,2016,239
"178",2016-08-27,0,6.7,17,27.4,-0.8,4.92,31.29,"USGS","13307000",18,"A",911,"A","2016",8,2016,240
"179",2016-08-28,0,7.9,19.4,30.8,-0.2,6.08,39.26,"USGS","13307000",18.5,"A",915,"A","2016",8,2016,241
"180",2016-08-29,0,10.5,20.8,31.2,1.8,6.86,38.8,"USGS","13307000",19.1,"A",895,"A","2016",8,2016,242
"181",2016-08-30,0,10.5,21.8,33.2,0.8,6.73,45.19,"USGS","13307000",18.9,"A",910,"A","2016",8,2016,243
"182",2016-08-31,0,12.8,22.6,32.5,0.2,10.54,43.51,"USGS","13307000",18.7,"A",894,"A","2016",8,2016,244
"410",2017-06-01,0,10.5,20,29.6,6.1,2.91,34.52,"USGS","13307000",12.5,"A",18800,"A","2017",6,2017,152
"411",2017-06-02,8.57,9.2,15.8,22.4,9.6,0.45,15.91,"USGS","13307000",12.1,"A",20900,"A","2017",6,2017,153
"412",2017-06-03,0,7.9,16.3,24.7,5.6,0.71,23.55,"USGS","13307000",12.4,"A",21400,"A","2017",6,2017,154
"413",2017-06-04,0,8.8,18.5,28.2,6.3,2.38,29.28,"USGS","13307000",12.7,"A",20900,"A","2017",6,2017,155
"414",2017-06-05,2.53,7.4,17.4,27.4,7.6,0.65,27.14,"USGS","13307000",12.8,"A",20900,"A","2017",6,2017,156
"415",2017-06-06,0,6.5,15.2,23.8,3.4,0.84,23.67,"USGS","13307000",12.8,"A",21600,"A","2017",6,2017,157
"416",2017-06-07,0,8.4,17.9,27.5,5.2,3.09,28.72,"USGS","13307000",13,"A",20900,"A","2017",6,2017,158
"417",2017-06-08,0,10.8,20.7,30.5,7.3,4.06,34.08,"USGS","13307000",13.4,"A",19800,"A","2017",6,2017,159
"418",2017-06-09,0,9.6,19.2,28.8,5.6,3.03,29.75,"USGS","13307000",13.2,"A",20100,"A","2017",6,2017,160
"419",2017-06-10,1.49,5.3,13.4,21.4,1.8,0.7,20.88,"USGS","13307000",11.8,"A",19900,"A","2017",6,2017,161
"420",2017-06-11,2.06,1.1,7.3,13.5,2.2,0.35,8.67,"USGS","13307000",11,"A",17800,"A","2017",6,2017,162
"421",2017-06-12,1.34,1.7,12,22.3,2.4,0.67,20.54,"USGS","13307000",10.9,"A",15300,"A","2017",6,2017,163
"422",2017-06-13,27.65,4.8,11.5,18.2,7.4,0.14,11,"USGS","13307000",9.8,"A",16200,"A","2017",6,2017,164
"423",2017-06-14,12.26,4.4,7.5,10.5,5.5,0.16,3.83,"USGS","13307000",9.9,"A",15500,"A","2017",6,2017,165
"424",2017-06-15,0.01,5.5,13.8,22.2,3.6,0.6,20.02,"USGS","13307000",11.4,"A",13500,"A","2017",6,2017,166
"425",2017-06-16,1.2,8.8,14.1,19.3,7.2,1.26,12.97,"USGS","13307000",12,"A",12400,"A","2017",6,2017,167
"426",2017-06-17,2.31,8,12.8,17.7,7.9,0.67,9.41,"USGS","13307000",12.5,"A",12600,"A","2017",6,2017,168
"427",2017-06-18,0,7.9,15.1,22.4,3.6,1.4,20.31,"USGS","13307000",12.8,"A",13100,"A","2017",6,2017,169
"428",2017-06-19,0,8.8,15,21.1,8.1,1.12,14.1,"USGS","13307000",13.2,"A",13100,"A","2017",6,2017,170
"429",2017-06-20,0,9.4,20.7,31.9,9.2,1.38,38.03,"USGS","13307000",15.2,"A",13500,"A","2017",6,2017,171
"430",2017-06-21,0,12.9,23.3,33.8,9.3,3.68,44.61,"USGS","13307000",15.8,"A",14400,"A","2017",6,2017,172
"431",2017-06-22,0,9.4,18.9,28.3,3.1,4.34,32.08,"USGS","13307000",15.1,"A",15500,"A","2017",6,2017,173
"432",2017-06-23,0,6.4,15.2,23.9,-1.7,3.54,25.27,"USGS","13307000",14.2,"A",15100,"A","2017",6,2017,174
"433",2017-06-24,0,6.6,16.8,27.1,1.1,3.42,30.35,"USGS","13307000",14.4,"A",13500,"A","2017",6,2017,175
"434",2017-06-25,0,9,19.3,29.6,2.8,4.22,35.11,"USGS","13307000",15.2,"A",12100,"A","2017",6,2017,176
"435",2017-06-26,0,10.7,21.8,32.9,4.3,4.73,43.54,"USGS","13307000",16,"A",11400,"A","2017",6,2017,177
"436",2017-06-27,5.52,11.3,23.4,35.5,7.4,1.09,51.69,"USGS","13307000",16,"A",11400,"A","2017",6,2017,178
"437",2017-06-28,5.89,10.5,18.2,25.9,9.6,0.75,22.44,"USGS","13307000",15.3,"A",11700,"A","2017",6,2017,179
"438",2017-06-29,0.34,9.6,17.1,24.6,5.4,1.53,24.08,"USGS","13307000",15.2,"A",11400,"A","2017",6,2017,180
"439",2017-06-30,0,8.9,16.5,24.1,5.9,2.14,21.61,"USGS","13307000",15,"A",10500,"A","2017",6,2017,181
"440",2017-07-01,0,7.8,18.6,29.5,6.3,2.11,33.1,"USGS","13307000",15.9,"A",9550,"A","2017",7,2017,182
"441",2017-07-02,0,11.2,21.4,31.5,5.7,4.82,38.97,"USGS","13307000",16.8,"A",8920,"A","2017",7,2017,183
"442",2017-07-03,0.28,12.6,22.8,33,6.9,5.69,41.48,"USGS","13307000",17.2,"A",8600,"A","2017",7,2017,184
"443",2017-07-04,0,12.3,22.7,33.1,6.5,5.89,42.45,"USGS","13307000",17.4,"A",8310,"A","2017",7,2017,185
"444",2017-07-05,0,12.3,23,33.6,4.5,6.14,45.37,"USGS","13307000",17.7,"A",8180,"A","2017",7,2017,186
"445",2017-07-06,0,13.2,23.2,33.2,7.9,6.28,43.6,"USGS","13307000",17.3,"A",8080,"A","2017",7,2017,187
"446",2017-07-07,0,14.1,25.1,36.2,6.5,6.78,53.26,"USGS","13307000",18.3,"A",7810,"A","2017",7,2017,188
"447",2017-07-08,0,15.5,26.1,36.7,6.6,9.02,54.47,"USGS","13307000",18.8,"A",7390,"A","2017",7,2017,189
"448",2017-07-09,0,15.6,26.3,36.9,6.6,8.55,55.27,"USGS","13307000",18.8,"A",7090,"A","2017",7,2017,190
"449",2017-07-10,1.38,14.5,23.8,33,9.2,5.39,39.53,"USGS","13307000",17.9,"A",6980,"A","2017",7,2017,191
"450",2017-07-11,0.29,13.4,21.2,29,10.4,2.83,27.91,"USGS","13307000",18.6,"A",6700,"A","2017",7,2017,192
"451",2017-07-12,0,12.2,21.6,31,6.3,4.24,37.3,"USGS","13307000",18.7,"A",6360,"A","2017",7,2017,193
"452",2017-07-13,0,11.1,22,32.9,3.5,5.13,44.52,"USGS","13307000",19,"A",5910,"A","2017",7,2017,194
"453",2017-07-14,0,12.4,24,35.6,5.5,6.73,50.26,"USGS","13307000",19.1,"A",5470,"A","2017",7,2017,195
"454",2017-07-15,0.38,14.7,24.7,34.7,8,7.34,46.55,"USGS","13307000",19.1,"A",5200,"A","2017",7,2017,196
"455",2017-07-16,1.07,13.4,24.1,34.9,10.5,2.61,46.02,"USGS","13307000",19,"A",5010,"A","2017",7,2017,197
"456",2017-07-17,0,11.6,22.3,33,5,3.49,44.49,"USGS","13307000",19.2,"A",4820,"A","2017",7,2017,198
"457",2017-07-18,0,11,21.1,31.2,2.6,5.43,39.15,"USGS","13307000",18.8,"A",4610,"A","2017",7,2017,199
"458",2017-07-19,0,10.7,22.2,33.6,3.1,6.42,45.32,"USGS","13307000",19.5,"A",4360,"A","2017",7,2017,200
"459",2017-07-20,0,12.8,23.5,34.3,2.6,7.85,48.33,"USGS","13307000",19.7,"A",4110,"A","2017",7,2017,201
"460",2017-07-21,0,11.8,22.7,33.6,2,5.93,47.35,"USGS","13307000",19.4,"A",3900,"A","2017",7,2017,202
"461",2017-07-22,0,11.1,21.4,31.7,1,5.79,41.67,"USGS","13307000",19.2,"A",3680,"A","2017",7,2017,203
"462",2017-07-23,0,10.8,21.8,32.8,2,7.12,44.52,"USGS","13307000",19.8,"A",3530,"A","2017",7,2017,204
"463",2017-07-24,0,13,24.2,35.4,4.9,6.8,50.77,"USGS","13307000",20.2,"A",3400,"A","2017",7,2017,205
"464",2017-07-25,0,14.4,24,33.5,5.9,7.67,43.27,"USGS","13307000",19.7,"A",3310,"A","2017",7,2017,206
"465",2017-07-26,0.64,13.3,22.2,31,6.7,5.84,35.56,"USGS","13307000",18.8,"A",3320,"A","2017",7,2017,207
"466",2017-07-27,1.73,11.6,19.9,28.2,9.3,2.83,27.1,"USGS","13307000",18.5,"A",3370,"A","2017",7,2017,208
"467",2017-07-28,0.12,11.2,20.7,30.2,10.3,1.69,32.1,"USGS","13307000",18.9,"A",3400,"A","2017",7,2017,209
"468",2017-07-29,0.01,11.4,21.2,31,8.4,2.97,35.27,"USGS","13307000",19.3,"A",3310,"A","2017",7,2017,210
"469",2017-07-30,0,12.2,23,33.8,6.4,5.12,44.09,"USGS","13307000",19.9,"A",3150,"A","2017",7,2017,211
"470",2017-07-31,0,12.9,24.3,35.6,3.5,7.66,51.92,"USGS","13307000",20.2,"A",3020,"A","2017",7,2017,212
"471",2017-08-01,0,13,24.3,35.5,0.2,8.88,53.74,"USGS","13307000",20.3,"A",2900,"A","2017",8,2017,213
"472",2017-08-02,0,12.4,23.6,34.9,-1.1,9.2,51.19,"USGS","13307000",20.1,"A",2790,"A","2017",8,2017,214
"473",2017-08-03,0,11.2,22.7,34.1,3.1,5.82,48.06,"USGS","13307000",20.3,"A",2730,"A","2017",8,2017,215
"474",2017-08-04,0,13,23.7,34.4,6,5.17,46.49,"USGS","13307000",20.5,"A",2630,"A","2017",8,2017,216
"475",2017-08-05,0,13.3,23.9,34.4,4.2,6.48,47.89,"USGS","13307000",20,"A",2510,"A","2017",8,2017,217
"476",2017-08-06,0,12,21.2,30.4,4.7,5.08,36.61,"USGS","13307000",19.4,"A",2440,"A","2017",8,2017,218
"477",2017-08-07,0,10.9,20.5,30.1,3.3,4.62,36.58,"USGS","13307000",19.5,"A",2420,"A","2017",8,2017,219
"478",2017-08-08,0,11.4,21.4,31.3,3.3,7.08,38.6,"USGS","13307000",19.6,"A",2390,"A","2017",8,2017,220
"479",2017-08-09,0,12.5,22.2,32,3.9,6.3,41.25,"USGS","13307000",19.4,"A",2360,"A","2017",8,2017,221
"480",2017-08-10,0,12,21.2,30.4,5.6,5.39,35.15,"USGS","13307000",18.9,"A",2370,"A","2017",8,2017,222
"481",2017-08-11,0,11.5,21.5,31.5,4.8,5.92,39.09,"USGS","13307000",18.7,"A",2310,"A","2017",8,2017,223
"482",2017-08-12,0,11.2,20.7,30.2,4.7,5.56,34.74,"USGS","13307000",18.4,"A",2280,"A","2017",8,2017,224
"483",2017-08-13,0.65,11,21.1,31.1,5.9,4.1,37.99,"USGS","13307000",18.3,"A",2310,"A","2017",8,2017,225
"484",2017-08-14,0,13.1,18.5,24,8.8,3.08,19.14,"USGS","13307000",18.4,"A",2280,"A","2017",8,2017,226
"485",2017-08-15,0,9.8,18.3,26.8,5.2,3.43,28.1,"USGS","13307000",18.4,"A",2280,"A","2017",8,2017,227
"486",2017-08-16,0,8.6,18.9,29.3,1.6,3.92,35.47,"USGS","13307000",18.7,"A",2220,"A","2017",8,2017,228
"487",2017-08-17,0,9.7,20.1,30.4,1.7,5.63,37.12,"USGS","13307000",19,"A",2160,"A","2017",8,2017,229
"488",2017-08-18,0,10.4,20.4,30.5,2.2,6.11,37.62,"USGS","13307000",19.2,"A",2090,"A","2017",8,2017,230
"489",2017-08-19,0,10.2,21.2,32.2,0.6,6.21,43.16,"USGS","13307000",18.9,"A",2020,"A","2017",8,2017,231
"490",2017-08-20,0,10.2,20,29.8,1.7,5.06,36.31,"USGS","13307000",18.4,"A",1950,"A","2017",8,2017,232
"491",2017-08-21,0,8.7,18.6,28.5,0.4,4.02,34.44,"USGS","13307000",18.2,"A",1940,"A","2017",8,2017,233
"492",2017-08-22,0,9.3,19.7,30.2,1.3,5.79,37.48,"USGS","13307000",18.1,"A",1920,"A","2017",8,2017,234
"493",2017-08-23,0,10.1,21.8,33.5,0.6,6.55,46.67,"USGS","13307000",18.4,"A",1920,"A","2017",8,2017,235
"494",2017-08-24,0,11.3,21.6,32,3.3,7.54,41.46,"USGS","13307000",18.2,"A",1880,"A","2017",8,2017,236
"495",2017-08-25,0,11.2,19.6,27.9,7,3.93,28.47,"USGS","13307000",18.2,"A",1890,"A","2017",8,2017,237
"496",2017-08-26,0,10.5,20.9,31.3,5.6,3.62,37.95,"USGS","13307000",18.8,"A",1870,"A","2017",8,2017,238
"497",2017-08-27,0,10.9,21.6,32.3,2.4,5.35,42.28,"USGS","13307000",19,"A",1820,"A","2017",8,2017,239
"498",2017-08-28,0,11.3,22.8,34.3,-0.3,8.54,48.77,"USGS","13307000",18.9,"A",1800,"A","2017",8,2017,240
"499",2017-08-29,0,11.8,23,34.1,0.8,10.26,48.11,"USGS","13307000",19.1,"A",1780,"A","2017",8,2017,241
"500",2017-08-30,0,14.8,25.2,35.6,3.6,9.41,50.64,"USGS","13307000",19,"A",1750,"A","2017",8,2017,242
"501",2017-08-31,0,12.7,22.2,31.6,5.7,4.92,38.89,"USGS","13307000",19,"A",1740,"A","2017",8,2017,243
"775",2018-06-01,10.77,7,13,19,8.6,0.08,10.79,"USGS","13307000",11.4,"A",14800,"A","2018",6,2018,152
"776",2018-06-02,1.37,3.3,9.5,15.7,2.4,0.39,11.11,"USGS","13307000",11.2,"A",13700,"A","2018",6,2018,153
"777",2018-06-03,0.33,3.6,14.2,24.8,2.7,1.27,24.52,"USGS","13307000",12.9,"A",11900,"A","2018",6,2018,154
"778",2018-06-04,0,8.7,18.4,28.2,6.1,2.15,30.53,"USGS","13307000",14.1,"A",11000,"A","2018",6,2018,155
"779",2018-06-05,0,9.4,19.1,28.8,6.3,1.66,32.68,"USGS","13307000",14.8,"A",10800,"A","2018",6,2018,156
"780",2018-06-06,0,9.2,18.1,27.1,5.2,1.97,29.07,"USGS","13307000",14.8,"A",10800,"A","2018",6,2018,157
"781",2018-06-07,0,9.9,19.3,28.6,6.2,3.16,31.29,"USGS","13307000",14.6,"A",10700,"A","2018",6,2018,158
"782",2018-06-08,7.4,10.3,17.8,25.4,9.4,0.32,22.44,"USGS","13307000",14.4,"A",10600,"A","2018",6,2018,159
"783",2018-06-09,1.86,9.9,17.6,25.2,9.4,0.28,21.12,"USGS","13307000",14.6,"A",10200,"A","2018",6,2018,160
"784",2018-06-10,12.64,5.8,16.1,26.4,7.6,0.19,25.58,"USGS","13307000",13.4,"A",10400,"A","2018",6,2018,161
"785",2018-06-11,0.87,4.2,8.2,12.3,1,0.91,8.79,"USGS","13307000",12,"A",10000,"A","2018",6,2018,162
"786",2018-06-12,2.09,1.2,7.3,13.3,0.7,0.38,9.42,"USGS","13307000",11.5,"A",8920,"A","2018",6,2018,163
"787",2018-06-13,0.48,1.7,12.8,23.9,-2.2,1.6,25.18,"USGS","13307000",13.5,"A",7910,"A","2018",6,2018,164
"788",2018-06-14,0,7.4,18.9,30.4,3.3,2.93,36.72,"USGS","13307000",15.1,"A",7140,"A","2018",6,2018,165
"789",2018-06-15,0,9,16,23,2.5,3.8,22.06,"USGS","13307000",15.2,"A",6850,"A","2018",6,2018,166
"790",2018-06-16,3.64,7.7,15.1,22.4,4.8,0.48,20.3,"USGS","13307000",14.2,"A",7290,"A","2018",6,2018,167
"791",2018-06-17,12.39,6.7,11.1,15.4,7,0.25,7.7,"USGS","13307000",13,"A",7590,"A","2018",6,2018,168
"792",2018-06-18,14.72,8.6,12.2,15.8,9.3,0.06,6.51,"USGS","13307000",12.6,"A",8450,"A","2018",6,2018,169
"793",2018-06-19,8.44,10,12.2,14.5,10.6,0.04,4.01,"USGS","13307000",12.8,"A",9830,"A","2018",6,2018,170
"794",2018-06-20,1.38,9.5,14.1,18.8,10.8,0.1,8.83,"USGS","13307000",13.6,"A",9220,"A","2018",6,2018,171
"795",2018-06-21,0.38,10.3,16.8,23.3,11,0.44,15.57,"USGS","13307000",14.3,"A",8690,"A","2018",6,2018,172
"796",2018-06-22,4.96,11.4,16.7,22.1,11,0.57,14.81,"USGS","13307000",14.9,"A",8600,"A","2018",6,2018,173
"797",2018-06-23,2.62,8.6,17.4,26.1,9.2,0.33,24.52,"USGS","13307000",15.1,"A",8240,"A","2018",6,2018,174
"798",2018-06-24,0,8.5,14.5,20.5,7.4,0.68,14.84,"USGS","13307000",15.4,"A",7920,"A","2018",6,2018,175
"799",2018-06-25,0,10.7,18.1,25.5,9.4,1.57,21.19,"USGS","13307000",16.3,"A",7380,"A","2018",6,2018,176
"800",2018-06-26,0,10.5,20.6,30.8,8.5,2.09,35.62,"USGS","13307000",17,"A",6960,"A","2018",6,2018,177
"801",2018-06-27,0,8.9,17.7,26.5,0.7,3.27,28.74,"USGS","13307000",17,"A",6630,"A","2018",6,2018,178
"802",2018-06-28,0,9,19.9,30.9,3.7,4.03,38.2,"USGS","13307000",16.9,"A",6260,"A","2018",6,2018,179
"803",2018-06-29,0.88,9.4,18.1,26.9,7.1,2.14,26.05,"USGS","13307000",15.7,"A",6010,"A","2018",6,2018,180
"804",2018-06-30,0.95,7.8,13.7,19.6,6,1.33,14.2,"USGS","13307000",15.4,"A",5720,"A","2018",6,2018,181
"805",2018-07-01,0,7.1,15.3,23.5,5.5,1.18,21.09,"USGS","13307000",16.5,"A",5350,"A","2018",7,2018,182
"806",2018-07-02,0,9.8,17.8,25.8,4.9,3.2,25.11,"USGS","13307000",17.2,"A",4970,"A","2018",7,2018,183
"807",2018-07-03,0,7.1,16.2,25.3,1.7,3.02,26.68,"USGS","13307000",16.3,"A",4720,"A","2018",7,2018,184
"808",2018-07-04,0,4.9,12.5,20.2,-0.3,2.1,18.86,"USGS","13307000",15.3,"A",4570,"A","2018",7,2018,185
"809",2018-07-05,0,4.9,16.7,28.6,2.8,2.17,32.47,"USGS","13307000",17.1,"A",4340,"A","2018",7,2018,186
"810",2018-07-06,0,12.3,24.1,36,3.5,5.74,53.89,"USGS","13307000",18.2,"A",4030,"A","2018",7,2018,187
"811",2018-07-07,0,13.2,23.2,33.3,3.3,7.43,44.4,"USGS","13307000",18.5,"A",3760,"A","2018",7,2018,188
"812",2018-07-08,0,12.5,22.6,32.7,3.8,5.93,42.82,"USGS","13307000",18.9,"A",3560,"A","2018",7,2018,189
"813",2018-07-09,0,12.3,23.1,34,6.6,5.39,44.6,"USGS","13307000",19.2,"A",3430,"A","2018",7,2018,190
"814",2018-07-10,0,13.3,24.7,36.1,6.8,6.31,50.01,"USGS","13307000",19.9,"A",3290,"A","2018",7,2018,191
"815",2018-07-11,0,11.8,22.5,33.1,5.9,4.27,43.53,"USGS","13307000",19.9,"A",3170,"A","2018",7,2018,192
"816",2018-07-12,0,10.7,20.7,30.6,6.3,3.52,36.33,"USGS","13307000",20.1,"A",3040,"A","2018",7,2018,193
"817",2018-07-13,0,11.7,21.9,32.1,7.5,4.12,38.68,"USGS","13307000",20.7,"A",2940,"A","2018",7,2018,194
"818",2018-07-14,0,13,24.3,35.6,6,5.14,50.98,"USGS","13307000",21.2,"A",2800,"A","2018",7,2018,195
"819",2018-07-15,0,13.5,23.9,34.3,4.1,7.48,47.9,"USGS","13307000",20.9,"A",2690,"A","2018",7,2018,196
"820",2018-07-16,0,12.9,23.6,34.4,4,7.28,48.24,"USGS","13307000",20.7,"A",2590,"A","2018",7,2018,197
"821",2018-07-17,0.36,13.3,23.3,33.3,7,4.55,42.74,"USGS","13307000",20.8,"A",2530,"A","2018",7,2018,198
"822",2018-07-18,0.57,12.8,21.6,30.4,8.1,3.91,33.15,"USGS","13307000",20.7,"A",2500,"A","2018",7,2018,199
"823",2018-07-19,0,12.1,23.3,34.5,3.6,6.5,49.38,"USGS","13307000",20.5,"A",2380,"A","2018",7,2018,200
"824",2018-07-20,0,11.7,22.6,33.5,2.4,6.53,46.51,"USGS","13307000",20.7,"A",2300,"A","2018",7,2018,201
"825",2018-07-21,0,11.7,23.3,34.8,1.6,6.73,50.86,"USGS","13307000",20.6,"A",2230,"A","2018",7,2018,202
"826",2018-07-22,0,11.9,23.1,34.3,1.9,6.97,48.26,"USGS","13307000",20.4,"A",2120,"A","2018",7,2018,203
"827",2018-07-23,0,10.4,21.3,32.1,0,6.21,43.17,"USGS","13307000",20.1,"A",2050,"A","2018",7,2018,204
"828",2018-07-24,0,10.6,22.4,34.2,1,7.48,48.71,"USGS","13307000",20.5,"A",2020,"A","2018",7,2018,205
"829",2018-07-25,0,13.8,24.6,35.4,4.2,8.48,49.08,"USGS","13307000",20.8,"A",1950,"A","2018",7,2018,206
"830",2018-07-26,0,13.5,23.7,34,2.2,8.27,47.44,"USGS","13307000",20.9,"A",1880,"A","2018",7,2018,207
"831",2018-07-27,0,12.6,23.5,34.5,2.1,6.87,49.49,"USGS","13307000",21,"A",1850,"A","2018",7,2018,208
"832",2018-07-28,0,12,22.8,33.6,4,5.63,46.07,"USGS","13307000",21,"A",1810,"A","2018",7,2018,209
"833",2018-07-29,0,12.2,22.4,32.6,5.3,5.17,42.67,"USGS","13307000",21,"A",1770,"A","2018",7,2018,210
"834",2018-07-30,0,12.2,22,31.9,4.5,5.41,40,"USGS","13307000",20.9,"A",1740,"A","2018",7,2018,211
"835",2018-07-31,0,12,23.4,34.9,3,7.1,50.21,"USGS","13307000",20.7,"A",1680,"A","2018",7,2018,212
"836",2018-08-01,0,13.2,23.3,33.5,4.7,7.94,45.37,"USGS","13307000",20.6,"A",1660,"A","2018",8,2018,213
"837",2018-08-02,0,15,25.1,35.3,7.2,7.63,48.89,"USGS","13307000",20.7,"A",1660,"A","2018",8,2018,214
"838",2018-08-03,0,13,23.4,33.8,3.5,7.11,46.08,"USGS","13307000",20,"A",1640,"A","2018",8,2018,215
"839",2018-08-04,0,10.5,20.4,30.4,0.1,5.63,39.48,"USGS","13307000",19.3,"A",1620,"A","2018",8,2018,216
"840",2018-08-05,0,9.2,19.1,29.1,1.2,4.74,35.06,"USGS","13307000",19.2,"A",1580,"A","2018",8,2018,217
"841",2018-08-06,0,9.9,18.8,27.7,3.3,4.92,30.25,"USGS","13307000",19,"A",1550,"A","2018",8,2018,218
"842",2018-08-07,0,9,20.3,31.6,1.9,4.23,41.53,"USGS","13307000",19.6,"A",1510,"A","2018",8,2018,219
"843",2018-08-08,0,10.9,21.6,32.4,1.4,6.95,43.49,"USGS","13307000",20.1,"A",1490,"A","2018",8,2018,220
"844",2018-08-09,0,11.4,23.4,35.5,2.2,7.33,51.76,"USGS","13307000",20.8,"A",1470,"A","2018",8,2018,221
"845",2018-08-10,0,13.4,25.5,37.5,1.5,9.71,58.88,"USGS","13307000",21,"A",1430,"A","2018",8,2018,222
"846",2018-08-11,0,14.3,26.1,37.9,1.1,11.65,64.66,"USGS","13307000",21.1,"A",1410,"A","2018",8,2018,223
"847",2018-08-12,0,15.1,25.6,36.1,3.8,8.95,52.69,"USGS","13307000",20.2,"A",1420,"A","2018",8,2018,224
"848",2018-08-13,0,12.7,23.3,34,2.9,6.78,46.96,"USGS","13307000",20.1,"A",1390,"A","2018",8,2018,225
"849",2018-08-14,0,10.9,21.8,32.6,1.9,5.79,43.58,"USGS","13307000",19.8,"A",1370,"A","2018",8,2018,226
"850",2018-08-15,0,10,21.1,32.2,-1.1,5.72,44.79,"USGS","13307000",19.6,"A",1330,"A","2018",8,2018,227
"851",2018-08-16,0,9.6,22.3,35,-3,7.72,53.04,"USGS","13307000",19.5,"A",1310,"A","2018",8,2018,228
"852",2018-08-17,0,12.1,22.4,32.7,1.3,9.01,44.36,"USGS","13307000",18.8,"A",1300,"A","2018",8,2018,229
"853",2018-08-18,4.01,11.3,20.2,29.2,7.5,2.15,31.79,"USGS","13307000",18.7,"A",1350,"A","2018",8,2018,230
"854",2018-08-19,0,10.6,19.8,29,7.8,1.91,30.51,"USGS","13307000",19.4,"A",1370,"A","2018",8,2018,231
"855",2018-08-20,0,10.9,21.4,31.9,4.7,3.91,40.16,"USGS","13307000",19.1,"A",1350,"A","2018",8,2018,232
"856",2018-08-21,1.7,10,16.8,23.6,7.2,2.12,19.25,"USGS","13307000",17.7,"A",1370,"A","2018",8,2018,233
"857",2018-08-22,0,7.8,14.9,22,7.2,1.03,16.79,"USGS","13307000",16.9,"A",1380,"A","2018",8,2018,234
"858",2018-08-23,0.23,7.3,16.2,25.2,6.3,1.11,23.09,"USGS","13307000",17.1,"A",1360,"A","2018",8,2018,235
"859",2018-08-24,0,8.2,18.9,29.7,3.4,2.66,35.56,"USGS","13307000",17.4,"A",1360,"A","2018",8,2018,236
"860",2018-08-25,0,8.7,18.1,27.5,1.7,4.16,30.94,"USGS","13307000",17.1,"A",1340,"A","2018",8,2018,237
"861",2018-08-26,0,7.8,18.2,28.7,0.2,3.88,34.42,"USGS","13307000",17.2,"A",1340,"A","2018",8,2018,238
"862",2018-08-27,3.27,8.2,13.8,19.4,5.4,0.59,14.71,"USGS","13307000",15.9,"A",1370,"A","2018",8,2018,239
"863",2018-08-28,6.25,7.4,10.3,13.3,6.8,0.32,5.02,"USGS","13307000",15.7,"A",1440,"A","2018",8,2018,240
"864",2018-08-29,0,5.3,13.9,22.5,4.5,0.53,20.21,"USGS","13307000",16.3,"A",1460,"A","2018",8,2018,241
"865",2018-08-30,0,5.6,17,28.3,2.6,2,32.37,"USGS","13307000",16.8,"A",1450,"A","2018",8,2018,242
"866",2018-08-31,0,8,17.8,27.5,2.6,3.62,29.83,"USGS","13307000",17,"A",1410,"A","2018",8,2018,243
"1140",2019-06-01,1.42,8.9,17,25,6.8,1.46,23.43,"USGS","13307000",14,"A",7040,"A","2019",6,2019,152
"1141",2019-06-02,0.01,8.3,17.1,25.8,7.2,1.24,24.66,"USGS","13307000",14.1,"A",7830,"A","2019",6,2019,153
"1142",2019-06-03,0.05,8.9,17.8,26.7,7.4,1.79,25.99,"USGS","13307000",14.4,"A",8340,"A","2019",6,2019,154
"1143",2019-06-04,1.27,10,18.4,26.9,7.9,2.03,25.04,"USGS","13307000",14.5,"A",9030,"A","2019",6,2019,155
"1144",2019-06-05,0,9.3,18.7,28.2,2.7,2.99,31.86,"USGS","13307000",14.5,"A",9850,"A","2019",6,2019,156
"1145",2019-06-06,0,9,18.8,28.7,1.4,4.52,33.43,"USGS","13307000",14.3,"A",10100,"A","2019",6,2019,157
"1146",2019-06-07,0.71,6.7,17.7,28.6,3.1,1.48,33.8,"USGS","13307000",13.1,"A",10100,"A","2019",6,2019,158
"1147",2019-06-08,2.52,2.2,7.8,13.3,0.7,0.43,9.8,"USGS","13307000",10.8,"A",10400,"A","2019",6,2019,159
"1148",2019-06-09,0.74,2.1,7.7,13.3,0.4,0.53,9.84,"USGS","13307000",10.6,"A",9220,"A","2019",6,2019,160
"1149",2019-06-10,0,2.6,12.1,21.6,-1.1,1.21,21.94,"USGS","13307000",12.3,"A",7790,"A","2019",6,2019,161
"1150",2019-06-11,0,7.8,16.7,25.7,1.5,3.81,26.83,"USGS","13307000",14.2,"A",6780,"A","2019",6,2019,162
"1151",2019-06-12,0,10.1,19.2,28.3,5.6,3.97,29.9,"USGS","13307000",15.7,"A",6330,"A","2019",6,2019,163
"1152",2019-06-13,2.99,10.8,21.2,31.6,8.1,2.52,37.6,"USGS","13307000",16.6,"A",6760,"A","2019",6,2019,164
"1153",2019-06-14,1.62,10.4,19.8,29.2,8.2,2.14,31.79,"USGS","13307000",16.2,"A",7480,"A","2019",6,2019,165
"1154",2019-06-15,0,10.3,19.8,29.3,4.5,3.2,33.23,"USGS","13307000",15.9,"A",7740,"A","2019",6,2019,166
"1155",2019-06-16,0,9.8,19.6,29.3,2.9,4.54,34.44,"USGS","13307000",16.1,"A",7610,"A","2019",6,2019,167
"1156",2019-06-17,0,10.8,19.7,28.6,6.9,2.47,30.88,"USGS","13307000",16.4,"A",7390,"A","2019",6,2019,168
"1157",2019-06-18,3.18,9.6,18.1,26.5,8.7,1.3,24.68,"USGS","13307000",16,"A",7290,"A","2019",6,2019,169
"1158",2019-06-19,0,9.8,18.8,27.9,6.7,1.82,28.95,"USGS","13307000",16,"A",7080,"A","2019",6,2019,170
"1159",2019-06-20,0,5.9,14.7,23.4,-1.3,2.9,24.65,"USGS","13307000",14.3,"A",6770,"A","2019",6,2019,171
"1160",2019-06-21,3.84,3.7,8.4,13.1,1.1,0.69,9.25,"USGS","13307000",12.5,"A",6490,"A","2019",6,2019,172
"1161",2019-06-22,1.14,2.9,8.7,14.5,2.2,0.47,9.86,"USGS","13307000",11.8,"A",6010,"A","2019",6,2019,173
"1162",2019-06-23,0.06,4.6,12.3,19.9,3.6,1.2,16,"USGS","13307000",13.3,"A",5440,"A","2019",6,2019,174
"1163",2019-06-24,0.55,7.4,13.9,20.3,4.4,2.26,15.38,"USGS","13307000",13.6,"A",4980,"A","2019",6,2019,175
"1164",2019-06-25,0,6.7,14.4,22.2,2.3,2.33,20.36,"USGS","13307000",14.5,"A",4660,"A","2019",6,2019,176
"1165",2019-06-26,0.96,7.2,13.9,20.6,5.9,1.41,15.63,"USGS","13307000",15,"A",4500,"A","2019",6,2019,177
"1166",2019-06-27,0,9.8,19,28.3,4.3,2.2,32.85,"USGS","13307000",15.4,"A",4270,"A","2019",6,2019,178
"1167",2019-06-28,0,11.5,19,26.4,2.2,5.25,29.87,"USGS","13307000",14.9,"A",4060,"A","2019",6,2019,179
"1168",2019-06-29,0.61,10.2,16.1,22,4.1,2.63,20.03,"USGS","13307000",15.8,"A",3970,"A","2019",6,2019,180
"1169",2019-06-30,0,8.8,18.5,28.2,2,2.41,33.14,"USGS","13307000",16.9,"A",3830,"A","2019",6,2019,181
"1170",2019-07-01,0.01,9.8,19.2,28.5,4.6,3.74,31.87,"USGS","13307000",17.3,"A",3740,"A","2019",7,2019,182
"1171",2019-07-02,0,9.9,20.2,30.6,4.4,3.56,37.34,"USGS","13307000",17.8,"A",3620,"A","2019",7,2019,183
"1172",2019-07-03,0.01,9.9,19.5,29,6.6,2.66,32.47,"USGS","13307000",17.6,"A",3520,"A","2019",7,2019,184
"1173",2019-07-04,1.2,8.8,15.8,22.8,5.6,2.22,19.64,"USGS","13307000",17.6,"A",3440,"A","2019",7,2019,185
"1174",2019-07-05,0.89,8,16.5,25.1,5.4,2.32,24.42,"USGS","13307000",17.8,"A",3430,"A","2019",7,2019,186
"1175",2019-07-06,0.77,9.5,19.1,28.7,6.3,2.65,31.58,"USGS","13307000",18.6,"A",3310,"A","2019",7,2019,187
"1176",2019-07-07,0.07,10.9,20.4,29.9,6.1,3.25,34.06,"USGS","13307000",18.3,"A",3180,"A","2019",7,2019,188
"1177",2019-07-08,1.33,10.8,18.9,26.9,7.1,3.14,26.67,"USGS","13307000",17.3,"A",3160,"A","2019",7,2019,189
"1178",2019-07-09,1.91,7.2,15.3,23.4,6.4,1.14,19.3,"USGS","13307000",16.5,"A",3150,"A","2019",7,2019,190
"1179",2019-07-10,0.38,6.6,16.9,27.2,4.7,1.09,28.51,"USGS","13307000",17.5,"A",3030,"A","2019",7,2019,191
"1180",2019-07-11,0,12.2,21.5,30.8,6.8,4.83,34.99,"USGS","13307000",18.7,"A",2840,"A","2019",7,2019,192
"1181",2019-07-12,0,12.6,23.3,34,8.1,4.47,43.71,"USGS","13307000",20.4,"A",2720,"A","2019",7,2019,193
"1182",2019-07-13,0,15.1,24.9,34.7,9.2,5.17,46.1,"USGS","13307000",20.8,"A",2660,"A","2019",7,2019,194
"1183",2019-07-14,3.86,14,22.9,31.7,10.8,2.46,35.99,"USGS","13307000",20.5,"A",2700,"A","2019",7,2019,195
"1184",2019-07-15,0.21,14.2,23.4,32.6,9.6,2.09,39.85,"USGS","13307000",20.2,"A",2650,"A","2019",7,2019,196
"1185",2019-07-16,8.87,10.9,19.2,27.5,10.2,0.69,25.77,"USGS","13307000",19.6,"A",2650,"A","2019",7,2019,197
"1186",2019-07-17,0.8,9.8,18.4,27,8.9,0.88,25.63,"USGS","13307000",19.2,"A",2530,"A","2019",7,2019,198
"1187",2019-07-18,0,10.4,19.2,28.1,6.7,2.7,29.2,"USGS","13307000",19.6,"A",2450,"A","2019",7,2019,199
"1188",2019-07-19,0,11.1,19.6,28.2,4.8,4.55,31.33,"USGS","13307000",19.4,"A",2380,"A","2019",7,2019,200
"1189",2019-07-20,0,7.6,16.8,26.1,0,4.21,28.82,"USGS","13307000",18.8,"A",2300,"A","2019",7,2019,201
"1190",2019-07-21,0,6.8,17.6,28.3,0,3.96,33.41,"USGS","13307000",19.1,"A",2180,"A","2019",7,2019,202
"1191",2019-07-22,0,8.2,20.8,33.5,2.8,4.77,45.61,"USGS","13307000",19.6,"A",2070,"A","2019",7,2019,203
"1192",2019-07-23,0,14.4,23.2,32,7.9,6.45,36.85,"USGS","13307000",19.1,"A",2020,"A","2019",7,2019,204
"1193",2019-07-24,0,14,22.5,31,9,3.96,34.86,"USGS","13307000",19.6,"A",2000,"A","2019",7,2019,205
"1194",2019-07-25,0,9.9,20.4,30.8,3.4,3.33,37.65,"USGS","13307000",19.8,"A",1920,"A","2019",7,2019,206
"1195",2019-07-26,0,8.7,20.5,32.3,-1.6,5.68,44.46,"USGS","13307000",19.9,"A",1850,"A","2019",7,2019,207
"1196",2019-07-27,0,10.5,22,33.4,3.1,7.49,44.72,"USGS","13307000",20.9,"A",1790,"A","2019",7,2019,208
"1197",2019-07-28,0.03,13.9,23.2,32.5,6.5,6.49,41.07,"USGS","13307000",21,"A",1780,"A","2019",7,2019,209
"1198",2019-07-29,0,12.2,22.6,32.9,4,5.28,43.69,"USGS","13307000",20.7,"A",1750,"A","2019",7,2019,210
"1199",2019-07-30,3.96,11.6,21.1,30.7,8.3,2.84,34.65,"USGS","13307000",20.2,"A",1730,"A","2019",7,2019,211
"1200",2019-07-31,0.77,12.3,21.1,30,10.4,1.96,30.83,"USGS","13307000",20.6,"A",1790,"A","2019",7,2019,212
"1201",2019-08-01,0,12.4,23.8,35.1,6.6,4.29,49.44,"USGS","13307000",21.4,"A",1790,"A","2019",8,2019,213
"1202",2019-08-02,0,14.1,23.9,33.8,6.9,6.26,44.14,"USGS","13307000",20.1,"A",1740,"A","2019",8,2019,214
"1203",2019-08-03,0.77,10.9,20.8,30.6,8.8,1.48,33.88,"USGS","13307000",19.6,"A",1740,"A","2019",8,2019,215
"1204",2019-08-04,0,10.5,22.1,33.7,8,2.22,44.24,"USGS","13307000",20.9,"A",1690,"A","2019",8,2019,216
"1205",2019-08-05,0,13.2,24.5,35.9,6.4,5.72,52.04,"USGS","13307000",21.3,"A",1630,"A","2019",8,2019,217
"1206",2019-08-06,0,14.3,24.6,34.9,5.6,7.06,48.5,"USGS","13307000",20.9,"A",1550,"A","2019",8,2019,218
"1207",2019-08-07,0,13.9,23,32.1,5.4,7.81,39.86,"USGS","13307000",21,"A",1520,"A","2019",8,2019,219
"1208",2019-08-08,0,14.9,24.9,35,5.9,7.93,49.08,"USGS","13307000",20.8,"A",1470,"A","2019",8,2019,220
"1209",2019-08-09,0,13.6,22.5,31.5,8.4,3.84,37.68,"USGS","13307000",20.7,"A",1430,"A","2019",8,2019,221
"1210",2019-08-10,3.46,12,19.5,26.9,11.3,0.83,23.81,"USGS","13307000",19.7,"A",1540,"A","2019",8,2019,222
"1211",2019-08-11,3.54,11,18.4,25.8,10.2,0.72,21,"USGS","13307000",18.5,"A",1650,"A","2019",8,2019,223
"1212",2019-08-12,3.85,9.3,14.6,20,9.2,0.57,12.08,"USGS","13307000",18.3,"A",1660,"A","2019",8,2019,224
"1213",2019-08-13,0,8.3,17,25.7,6.7,1.26,24.62,"USGS","13307000",19.3,"A",1560,"A","2019",8,2019,225
"1214",2019-08-14,0,9.1,19.3,29.5,4.2,2.57,35.54,"USGS","13307000",19.8,"A",1500,"A","2019",8,2019,226
"1215",2019-08-15,0,9.7,20.1,30.5,5.6,4.33,35.38,"USGS","13307000",19.9,"A",1440,"A","2019",8,2019,227
"1216",2019-08-16,0,10.4,19.8,29.2,6.1,3.12,32.8,"USGS","13307000",19.8,"A",1370,"A","2019",8,2019,228
"1217",2019-08-17,0,9.7,19.2,28.8,6,2.69,31.64,"USGS","13307000",19.7,"A",1330,"A","2019",8,2019,229
"1218",2019-08-18,0,10.1,18.3,26.6,5.2,3.59,26.72,"USGS","13307000",19.6,"A",1310,"A","2019",8,2019,230
"1219",2019-08-19,0,9.4,20.7,32.1,3.8,3.46,40.87,"USGS","13307000",20.2,"A",1290,"A","2019",8,2019,231
"1220",2019-08-20,0,11.7,23.2,34.7,4.1,6.29,49.15,"USGS","13307000",20.8,"A",1260,"A","2019",8,2019,232
"1221",2019-08-21,0,13,23.9,34.8,5.2,6.69,48.43,"USGS","13307000",21.4,"A",1240,"A","2019",8,2019,233
"1222",2019-08-22,0,13.4,24.6,35.8,4,5.89,53.44,"USGS","13307000",20.9,"A",1210,"A","2019",8,2019,234
"1223",2019-08-23,1.84,9.2,16,22.8,8.7,1.36,16.61,"USGS","13307000",19.6,"A",1230,"A","2019",8,2019,235
"1224",2019-08-24,0,8.2,18.7,29.1,7.4,1.26,31.37,"USGS","13307000",20.1,"A",1210,"A","2019",8,2019,236
"1225",2019-08-25,0,11.7,21.8,32,4.4,5.28,39.89,"USGS","13307000",19.7,"A",1160,"A","2019",8,2019,237
"1226",2019-08-26,0,8.2,16.8,25.5,2.6,3.61,26.03,"USGS","13307000",18.5,"A",1130,"A","2019",8,2019,238
"1227",2019-08-27,0,7.3,16.4,25.6,2,2.95,26.65,"USGS","13307000",18.6,"A",1110,"A","2019",8,2019,239
"1228",2019-08-28,0,7.3,19.1,30.8,1.7,3.54,39.02,"USGS","13307000",19.1,"A",1120,"A","2019",8,2019,240
"1229",2019-08-29,0,9.3,21.4,33.5,0.6,6.34,46.27,"USGS","13307000",19.1,"A",1110,"A","2019",8,2019,241
"1230",2019-08-30,0,11.5,20.9,30.4,3.8,5.81,35.66,"USGS","13307000",19.3,"A",1090,"A","2019",8,2019,242
"1231",2019-08-31,0,12.2,21.6,31,6.2,5,36.69,"USGS","13307000",20,"A",1100,"A","2019",8,2019,243
"1506",2020-06-01,0,9.1,17.3,25.5,4.6,2.29,25.12,"USGS","13307000",13.2,"A",12100,"A","2020",6,2020,153
"1507",2020-06-02,0,6.3,14.2,22.1,6.3,1.05,16.88,"USGS","13307000",12.9,"A",11200,"A","2020",6,2020,154
"1508",2020-06-03,0,7,16.8,26.6,4,1.51,28.2,"USGS","13307000",14,"A",10000,"A","2020",6,2020,155
"1509",2020-06-04,0,10.5,18.7,27,4.6,3.89,27.73,"USGS","13307000",14.4,"A",9470,"A","2020",6,2020,156
"1510",2020-06-05,0,9.3,17.4,25.4,3,4.13,26.18,"USGS","13307000",14.4,"A",8940,"A","2020",6,2020,157
"1511",2020-06-06,0,9.9,20.1,30.3,5.2,3.31,36.56,"USGS","13307000",13.8,"A",8740,"A","2020",6,2020,158
"1512",2020-06-07,9.31,7.6,11.6,15.6,7.9,0.81,7.62,"USGS","13307000",11.9,"A",9560,"A","2020",6,2020,159
"1513",2020-06-08,6.96,4.2,8,11.8,3.4,0.52,6.33,"USGS","13307000",10.8,"A",9170,"A","2020",6,2020,160
"1514",2020-06-09,0.59,2.5,8.3,14.1,1.1,0.47,10.05,"USGS","13307000",10.7,"A",7980,"A","2020",6,2020,161
"1515",2020-06-10,0.16,3.3,9.3,15.3,4.3,0.92,9.4,"USGS","13307000",12,"A",7050,"A","2020",6,2020,162
"1516",2020-06-11,0.11,7.7,16.3,24.9,5.5,1.14,23.39,"USGS","13307000",13.8,"A",6280,"A","2020",6,2020,163
"1517",2020-06-12,0,9.2,18.5,27.7,5.5,3.13,28.95,"USGS","13307000",14.8,"A",5850,"A","2020",6,2020,164
"1518",2020-06-13,0,11.7,21.8,31.9,3.8,4.65,41.46,"USGS","13307000",14.9,"A",5600,"A","2020",6,2020,165
"1519",2020-06-14,3.26,6.1,16.6,27.2,2.8,0.81,29.83,"USGS","13307000",14,"A",5560,"A","2020",6,2020,166
"1520",2020-06-15,2.85,1.7,8,14.3,1.9,0.34,9.82,"USGS","13307000",11.8,"A",5440,"A","2020",6,2020,167
"1521",2020-06-16,2.51,2.9,8.1,13.3,5.1,0.26,6.93,"USGS","13307000",11.9,"A",5290,"A","2020",6,2020,168
"1522",2020-06-17,19.96,5.2,10.9,16.5,6.4,0.16,9.21,"USGS","13307000",10.7,"A",6260,"A","2020",6,2020,169
"1523",2020-06-18,17.75,4.5,8.2,11.9,5.7,0.14,4.01,"USGS","13307000",10.6,"A",7250,"A","2020",6,2020,170
"1524",2020-06-19,0.02,5.5,12.2,18.9,6.1,0.49,12.76,"USGS","13307000",12.7,"A",6810,"A","2020",6,2020,171
"1525",2020-06-20,0.54,5.9,15.2,24.6,6.1,0.8,22.68,"USGS","13307000",13.3,"A",6780,"A","2020",6,2020,172
"1526",2020-06-21,0.4,8.5,14.5,20.5,8.9,0.68,12.64,"USGS","13307000",13.6,"A",6930,"A","2020",6,2020,173
"1527",2020-06-22,0.43,9.9,17.9,26,8.2,0.86,24.31,"USGS","13307000",14.7,"A",6830,"A","2020",6,2020,174
"1528",2020-06-23,0,9.2,18.9,28.5,6.8,2.18,30.09,"USGS","13307000",16,"A",6550,"A","2020",6,2020,175
"1529",2020-06-24,0,10.7,21.1,31.6,8.4,2.8,36.93,"USGS","13307000",16.7,"A",6320,"A","2020",6,2020,176
"1530",2020-06-25,2.23,11.5,21.5,31.5,10.7,1.18,35.32,"USGS","13307000",16.8,"A",6270,"A","2020",6,2020,177
"1531",2020-06-26,0,11.1,20.3,29.5,9.1,1.32,31.73,"USGS","13307000",17.4,"A",6000,"A","2020",6,2020,178
"1532",2020-06-27,0,12,21.8,31.7,8.6,3.16,37.29,"USGS","13307000",17.5,"A",5670,"A","2020",6,2020,179
"1533",2020-06-28,0.77,8.9,18.4,28,7.7,2.14,27.41,"USGS","13307000",15.2,"A",5510,"A","2020",6,2020,180
"1534",2020-06-29,13.05,6,11.5,17,5.4,0.29,11.11,"USGS","13307000",13,"A",5810,"A","2020",6,2020,181
"1535",2020-06-30,7.87,5.6,10.7,15.9,5.6,0.23,8.82,"USGS","13307000",12.4,"A",5970,"A","2020",6,2020,182
"1536",2020-07-01,6.48,5.4,10.7,16.1,7.3,0.14,7.47,"USGS","13307000",12.9,"A",5860,"A","2020",7,2020,183
"1537",2020-07-02,0.18,5.7,13.7,21.8,3.2,0.7,20.18,"USGS","13307000",14.2,"A",5250,"A","2020",7,2020,184
"1538",2020-07-03,0.1,4.7,15.5,26.3,2.9,1.5,27.54,"USGS","13307000",15,"A",4800,"A","2020",7,2020,185
"1539",2020-07-04,0.17,7.1,16.8,26.5,5.7,2.25,25.91,"USGS","13307000",15.6,"A",4530,"A","2020",7,2020,186
"1540",2020-07-05,0.49,9,18.6,28.1,7.6,2.37,28.17,"USGS","13307000",16,"A",4280,"A","2020",7,2020,187
"1541",2020-07-06,0,8.9,18.7,28.4,6.4,2.8,30.1,"USGS","13307000",17,"A",4080,"A","2020",7,2020,188
"1542",2020-07-07,0,10,20,30,5.8,3.6,34.13,"USGS","13307000",17.5,"A",3850,"A","2020",7,2020,189
"1543",2020-07-08,0,9.4,17.5,25.6,6.1,2.73,24.05,"USGS","13307000",17.4,"A",3670,"A","2020",7,2020,190
"1544",2020-07-09,0,8.1,17,25.9,4,2.39,26.4,"USGS","13307000",17.6,"A",3470,"A","2020",7,2020,191
"1545",2020-07-10,0.03,8.5,19,29.5,4.7,1.95,34.31,"USGS","13307000",18.2,"A",3340,"A","2020",7,2020,192
"1546",2020-07-11,0.83,10,19.1,28.3,7.2,1.6,30.3,"USGS","13307000",18.8,"A",3190,"A","2020",7,2020,193
"1547",2020-07-12,0,10,21.1,32.3,5.1,3.16,40.17,"USGS","13307000",18.5,"A",3020,"A","2020",7,2020,194
"1548",2020-07-13,0,10.2,18.7,27.1,5.8,3.46,27.33,"USGS","13307000",17.9,"A",2850,"A","2020",7,2020,195
"1549",2020-07-14,0,6.4,15.6,24.7,0.6,3.62,25.82,"USGS","13307000",17.1,"A",2690,"A","2020",7,2020,196
"1550",2020-07-15,0,4.8,15.7,26.6,-1.1,3.3,30.45,"USGS","13307000",17.6,"A",2590,"A","2020",7,2020,197
"1551",2020-07-16,0,7.1,18.3,29.4,2.5,3.7,35,"USGS","13307000",18.5,"A",2460,"A","2020",7,2020,198
"1552",2020-07-17,0,9.7,21.2,32.6,6,4.52,41.1,"USGS","13307000",19.4,"A",2350,"A","2020",7,2020,199
"1553",2020-07-18,0,11.5,22.1,32.6,7.4,3.73,41.62,"USGS","13307000",19.6,"A",2250,"A","2020",7,2020,200
"1554",2020-07-19,0,10.6,20.1,29.6,5.5,3.43,34.71,"USGS","13307000",19.8,"A",2140,"A","2020",7,2020,201
"1555",2020-07-20,0,10.1,20.2,30.3,6.2,3.73,34.68,"USGS","13307000",20.2,"A",2060,"A","2020",7,2020,202
"1556",2020-07-21,0,12.1,21.5,31,7.4,4.39,35.69,"USGS","13307000",20.7,"A",2040,"A","2020",7,2020,203
"1557",2020-07-22,0,12,22.8,33.7,7,4.73,44.24,"USGS","13307000",20.3,"A",2030,"A","2020",7,2020,204
"1558",2020-07-23,1.22,12.4,21.3,30.3,10.2,1.77,32.53,"USGS","13307000",19.7,"A",2000,"A","2020",7,2020,205
"1559",2020-07-24,4.93,12.6,18.8,24.9,12.5,1.1,16.54,"USGS","13307000",19.2,"A",2010,"A","2020",7,2020,206
"1560",2020-07-25,0,11,20.2,29.4,7.8,1.7,31.5,"USGS","13307000",19.3,"A",2130,"A","2020",7,2020,207
"1561",2020-07-26,0,10.4,20.2,30,4.1,4.55,34.58,"USGS","13307000",19.7,"A",2100,"A","2020",7,2020,208
"1562",2020-07-27,0,9.9,21.3,32.7,4.4,4.88,42.48,"USGS","13307000",20.4,"A",1950,"A","2020",7,2020,209
"1563",2020-07-28,0,12.4,23.8,35.3,6.3,5.91,49.93,"USGS","13307000",20.2,"A",1890,"A","2020",7,2020,210
"1564",2020-07-29,0,13,19.8,26.6,9.7,3.27,22.97,"USGS","13307000",19.2,"A",1860,"A","2020",7,2020,211
"1565",2020-07-30,1.34,11.1,20.5,29.8,10.1,2.49,30.34,"USGS","13307000",19.2,"A",1860,"A","2020",7,2020,212
"1566",2020-07-31,0,10.6,22.6,34.7,8.1,2.85,45.74,"USGS","13307000",20.8,"A",1810,"A","2020",7,2020,213
"1567",2020-08-01,0,14.5,26,37.5,7.2,7.63,55.95,"USGS","13307000",21.3,"A",1730,"A","2020",8,2020,214
"1568",2020-08-02,0,14.8,25.2,35.7,8.5,7.18,49.01,"USGS","13307000",21.9,"A",1680,"A","2020",8,2020,215
"1569",2020-08-03,0,14.5,25.8,37,7.4,6.53,55.02,"USGS","13307000",21.9,"A",1620,"A","2020",8,2020,216
"1570",2020-08-04,0,13,22.8,32.7,7,5.8,41.09,"USGS","13307000",21.4,"A",1550,"A","2020",8,2020,217
"1571",2020-08-05,0,11.4,22.1,32.9,5.4,4.67,42.69,"USGS","13307000",21.5,"A",1480,"A","2020",8,2020,218
"1572",2020-08-06,0,12.5,23.5,34.5,4.5,6.19,47.76,"USGS","13307000",21.4,"A",1450,"A","2020",8,2020,219
"1573",2020-08-07,0,13.9,23.6,33.4,6,5.45,43.64,"USGS","13307000",20.8,"A",1390,"A","2020",8,2020,220
"1574",2020-08-08,0,9.2,18.5,27.8,0.9,3.99,32.36,"USGS","13307000",19.9,"A",1370,"A","2020",8,2020,221
"1575",2020-08-09,0,8.4,19.1,29.8,3.6,4.21,34.58,"USGS","13307000",19.6,"A",1360,"A","2020",8,2020,222
"1576",2020-08-10,0,9.4,19.2,29,4.3,4.21,32.05,"USGS","13307000",19.6,"A",1360,"A","2020",8,2020,223
"1577",2020-08-11,0,8.4,20,31.6,3.9,4.22,39.54,"USGS","13307000",20.1,"A",1360,"A","2020",8,2020,224
"1578",2020-08-12,0,10.9,21.9,32.8,1.9,5.37,44.7,"USGS","13307000",19.5,"A",1320,"A","2020",8,2020,225
"1579",2020-08-13,0,10.7,19.7,28.7,1.4,5.58,33.42,"USGS","13307000",18.6,"A",1260,"A","2020",8,2020,226
"1580",2020-08-14,0,9.1,18.3,27.6,1.9,4.04,31.02,"USGS","13307000",18.8,"A",1250,"A","2020",8,2020,227
"1581",2020-08-15,0,7.9,18.7,29.5,0.5,3.76,35.98,"USGS","13307000",19.1,"A",1250,"A","2020",8,2020,228
"1582",2020-08-16,0,9,21.1,33.1,0.1,6.16,45.75,"USGS","13307000",19.2,"A",1260,"A","2020",8,2020,229
"1583",2020-08-17,0,11.6,22.9,34.2,3.7,9.44,46.12,"USGS","13307000",19.9,"A",1270,"A","2020",8,2020,230
"1584",2020-08-18,0,14.7,25.5,36.4,6.8,9.64,52.2,"USGS","13307000",21.2,"A",1240,"A","2020",8,2020,231
"1585",2020-08-19,0,16.7,26,35.3,8,9.67,47.48,"USGS","13307000",21.3,"A",1250,"A","2020",8,2020,232
"1586",2020-08-20,0,16,24.3,32.6,9.9,6.61,37.24,"USGS","13307000",20.9,"A",1240,"A","2020",8,2020,233
"1587",2020-08-21,0,13,22.4,31.8,8.5,4.97,37.24,"USGS","13307000",20.5,"A",1210,"A","2020",8,2020,234
"1588",2020-08-22,0,11.9,22.1,32.3,5.4,4.66,40.39,"USGS","13307000",19.8,"A",1190,"A","2020",8,2020,235
"1589",2020-08-23,0,11.5,21.6,31.8,6.8,4.69,37.96,"USGS","13307000",19.6,"A",1180,"A","2020",8,2020,236
"1590",2020-08-24,0,12.1,22.6,33.1,5.7,4.62,42.44,"USGS","13307000",18.9,"A",1170,"A","2020",8,2020,237
"1591",2020-08-25,0,12.5,19.1,25.8,5.8,5.52,24.4,"USGS","13307000",17.5,"A",1210,"A","2020",8,2020,238
"1592",2020-08-26,7.13,11.2,18.8,26.4,10.2,0.8,22.92,"USGS","13307000",17.9,"A",1280,"A","2020",8,2020,239
"1593",2020-08-27,3.22,10.7,18.1,25.5,11.1,0.56,19.31,"USGS","13307000",18.5,"A",1300,"A","2020",8,2020,240
"1594",2020-08-28,0,9,18.2,27.4,7.7,1.33,26.81,"USGS","13307000",18.9,"A",1330,"A","2020",8,2020,241
"1595",2020-08-29,0,8.3,19.6,30.9,3.5,3.36,38.6,"USGS","13307000",18.6,"A",1330,"A","2020",8,2020,242
"1596",2020-08-30,0,9.3,20.2,31.1,1.2,4.71,39.52,"USGS","13307000",18,"A",1290,"A","2020",8,2020,243
"1597",2020-08-31,0,7.9,15.3,22.8,-3.3,4.7,23.91,"USGS","13307000",16.2,"A",1260,"A","2020",8,2020,244
"1814",2021-06-01,0,6.9,17.4,28,1.1,3.99,32.51,"USGS","13307000",15.5,"A",3690,"A","2021",6,2021,152
"1815",2021-06-02,0,8.5,19.3,30.1,4.6,3.88,35.4,"USGS","13307000",16.4,"A",4000,"A","2021",6,2021,153
"1816",2021-06-03,0,10.1,21.9,33.8,6.5,3.9,44.36,"USGS","13307000",17.2,"A",4570,"A","2021",6,2021,154
"1817",2021-06-04,0,11,23.2,34.5,7.8,4.64,47.29,"USGS","13307000",17.5,"A",5160,"A","2021",6,2021,155
"1818",2021-06-05,0,13.1,22.9,32.7,8.1,4.68,40.9,"USGS","13307000",17.3,"A",5610,"A","2021",6,2021,156
"1819",2021-06-06,0,7.6,18.3,28.9,0.5,3.46,36.1,"USGS","13307000",15.9,"A",5630,"A","2021",6,2021,157
"1820",2021-06-07,0,5.2,14.1,23.2,-1.2,2.52,24.21,"USGS","13307000",15.2,"A",5250,"A","2021",6,2021,158
"1821",2021-06-08,0,5.6,15.6,25.6,-1.1,2.88,28.53,"USGS","13307000",15.4,"A",4590,"A","2021",6,2021,159
"1822",2021-06-09,0,8.9,16.8,24.7,4.3,3.47,23.17,"USGS","13307000",15.7,"A",4170,"A","2021",6,2021,160
"1823",2021-06-10,0,9.2,16.7,24.2,6,2.48,21.14,"USGS","13307000",15,"A",3890,"A","2021",6,2021,161
"1824",2021-06-11,6.37,1.7,8.3,15,3,0.41,8.64,"USGS","13307000",13.1,"A",3720,"A","2021",6,2021,162
"1825",2021-06-12,0,2.3,12.3,22.3,1.3,0.71,21.72,"USGS","13307000",15,"A",3510,"A","2021",6,2021,163
"1826",2021-06-13,0,9.5,18.4,27.4,5,3.56,28.52,"USGS","13307000",16.7,"A",3180,"A","2021",6,2021,164
"1827",2021-06-14,0,9.7,22,34.4,5.3,3.49,47.35,"USGS","13307000",18,"A",2900,"A","2021",6,2021,165
"1828",2021-06-15,0,11.7,24.1,36.8,4.9,5.62,54.85,"USGS","13307000",18.6,"A",2730,"A","2021",6,2021,166
"1829",2021-06-16,0,9,21,32.8,3.7,3.72,44.47,"USGS","13307000",18.5,"A",2580,"A","2021",6,2021,167
"1830",2021-06-17,0,7.8,18.5,29.4,1.5,3.66,35.38,"USGS","13307000",18.6,"A",2530,"A","2021",6,2021,168
"1831",2021-06-18,0,8.9,19.5,30.1,0.9,4.44,37.72,"USGS","13307000",18.9,"A",2420,"A","2021",6,2021,169
"1832",2021-06-19,0,8.7,20.5,32.5,1,5.53,44.27,"USGS","13307000",19.4,"A",2280,"A","2021",6,2021,170
"1833",2021-06-20,0,11.5,21.2,30.8,3.8,5.9,37.93,"USGS","13307000",19.3,"A",2180,"A","2021",6,2021,171
"1834",2021-06-21,0,9.7,17.5,25.2,7,2.6,22.91,"USGS","13307000",19.6,"A",2100,"A","2021",6,2021,172
"1835",2021-06-22,0,9.3,21.1,33,5.5,3.12,42.88,"USGS","13307000",20.4,"A",2010,"A","2021",6,2021,173
"1836",2021-06-23,1.02,12.1,23.1,34.1,7.4,2.45,46.68,"USGS","13307000",21.2,"A",1960,"A","2021",6,2021,174
"1837",2021-06-24,0.04,13.8,22.1,30.3,7.5,2.97,35.86,"USGS","13307000",21.2,"A",1890,"A","2021",6,2021,175
"1838",2021-06-25,0,12.2,21.4,30.8,4.6,5.5,37.24,"USGS","13307000",20,"A",1810,"A","2021",6,2021,176
"1839",2021-06-26,0,11.6,20.6,29.6,7.4,4.68,32.82,"USGS","13307000",20.7,"A",1750,"A","2021",6,2021,177
"1840",2021-06-27,0,13.1,21.7,30.4,7.3,5.27,34.42,"USGS","13307000",21.7,"A",1680,"A","2021",6,2021,178
"1841",2021-06-28,0,13.4,23.2,33,7.8,6.04,40.72,"USGS","13307000",22.4,"A",1610,"A","2021",6,2021,179
"1842",2021-06-29,0,14.7,25.5,36.4,6.7,7.51,52.45,"USGS","13307000",23.4,"A",1550,"A","2021",6,2021,180
"1843",2021-06-30,0,15.9,26.6,37.7,5.7,9.05,57.57,"USGS","13307000",23.8,"A",1490,"A","2021",6,2021,181
"1844",2021-07-01,0,15.2,26.3,37.5,5.3,9.97,56.8,"USGS","13307000",23.4,"A",1400,"A","2021",7,2021,182
"1845",2021-07-02,0,13.8,24.5,35.2,8.3,5.11,47.87,"USGS","13307000",22.5,"A",1360,"A","2021",7,2021,183
"1846",2021-07-03,0,13.1,24.4,35.6,9.2,5.06,47.94,"USGS","13307000",23.2,"A",1370,"A","2021",7,2021,184
"1847",2021-07-04,0,15,26.2,37.4,7.7,7.9,55.04,"USGS","13307000",23.1,"A",1350,"A","2021",7,2021,185
"1848",2021-07-05,2.48,15.7,25.5,35.4,10,4.36,47.36,"USGS","13307000",22.5,"A",1430,"A","2021",7,2021,186
"1849",2021-07-06,0.69,13.4,23.9,34.4,7.4,4.7,46.43,"USGS","13307000",22.7,"A",1440,"A","2021",7,2021,187
"1850",2021-07-07,0,12.4,24.4,36.3,4.1,8.43,53.99,"USGS","13307000",22.9,"A",1370,"A","2021",7,2021,188
"1851",2021-07-08,0,13.8,25.2,36.5,6.3,9.24,52.71,"USGS","13307000",22.3,"A",1250,"A","2021",7,2021,189
"1852",2021-07-09,0,11.4,22.8,34.2,0.7,7.86,48.68,"USGS","13307000",21.9,"A",1190,"A","2021",7,2021,190
"1853",2021-07-10,0,11.6,22.2,32.8,0,9.86,44.94,"USGS","13307000",21.3,"A",1150,"A","2021",7,2021,191
"1854",2021-07-11,0,10.3,22.8,35.2,1.9,8.62,51.94,"USGS","13307000",20.9,"A",1120,"A","2021",7,2021,192
"1855",2021-07-12,0,12.3,23.4,34.6,1.3,10.06,49.63,"USGS","13307000",20.6,"A",1100,"A","2021",7,2021,193
"1856",2021-07-13,0,10.7,23.3,36,0.4,9.71,54.26,"USGS","13307000",20.9,"A",1070,"A","2021",7,2021,194
"1857",2021-07-14,0,13.6,23.1,32.6,4.3,8.8,41.93,"USGS","13307000",21.4,"A",1030,"A","2021",7,2021,195
"1858",2021-07-15,0,12.1,23.5,34.8,3.6,7.14,49.72,"USGS","13307000",21.7,"A",974,"A","2021",7,2021,196
"1859",2021-07-16,0,13.5,24.4,35.3,5.1,8.57,50.29,"USGS","13307000",21.3,"A",970,"A","2021",7,2021,197
"1860",2021-07-17,0.9,11.7,21.8,31.9,6.1,6.55,39.21,"USGS","13307000",21,"A",962,"A","2021",7,2021,198
"1861",2021-07-18,0,10.6,22.8,35.1,3.7,6.51,50.61,"USGS","13307000",21.4,"A",941,"A","2021",7,2021,199
"1862",2021-07-19,0,12.8,24.9,36.9,4.2,9.02,56.35,"USGS","13307000",20.6,"A",918,"A","2021",7,2021,200
"1863",2021-07-20,4.18,15.4,19.6,23.8,11.5,1.53,17.81,"USGS","13307000",20,"A",946,"A","2021",7,2021,201
"1864",2021-07-21,2.27,13.9,22.1,30.3,13.8,0.96,28.8,"USGS","13307000",20.9,"A",975,"A","2021",7,2021,202
"1865",2021-07-22,0.53,13.1,22.7,32.3,10.8,1.95,37.84,"USGS","13307000",21.3,"A",1050,"A","2021",7,2021,203
"1866",2021-07-23,0,12,22.8,33.7,4.4,6.5,45.62,"USGS","13307000",21.2,"A",994,"A","2021",7,2021,204
"1867",2021-07-24,0,10.6,21.8,33,1.1,7.38,44.49,"USGS","13307000",21.2,"A",946,"A","2021",7,2021,205
"1868",2021-07-25,0,9.8,22.6,35.4,0.7,7.89,52.34,"USGS","13307000",21.6,"A",916,"A","2021",7,2021,206
"1869",2021-07-26,0,12.3,23.7,35.1,1.5,10.43,50.98,"USGS","13307000",21.6,"A",877,"A","2021",7,2021,207
"1870",2021-07-27,0,12.3,24.7,37,4.2,9.97,55.41,"USGS","13307000",21.4,"A",897,"A","2021",7,2021,208
"1871",2021-07-28,0,15,23.7,32.3,7.7,6.99,39.44,"USGS","13307000",20.4,"A",865,"A","2021",7,2021,209
"1872",2021-07-29,0.34,14.2,21.5,28.8,11.1,4.43,27.5,"USGS","13307000",20.7,"A",869,"A","2021",7,2021,210
"1873",2021-07-30,0,14.5,23.6,32.7,10.8,4.72,38.13,"USGS","13307000",22.1,"A",880,"A","2021",7,2021,211
"1874",2021-07-31,0,14.1,25.4,36.7,7.8,7.36,53.53,"USGS","13307000",22.5,"A",881,"A","2021",7,2021,212
"1875",2021-08-01,0.37,17.2,24.5,31.9,13.3,3.27,33.88,"USGS","13307000",22.4,"A",890,"A","2021",8,2021,213
"1876",2021-08-02,8.23,15.3,23.2,31,15.4,0.29,29.26,"USGS","13307000",21.4,"A",1040,"A","2021",8,2021,214
"1877",2021-08-03,1.49,14.4,19.1,23.9,15.9,0.28,10.8,"USGS","13307000",21.3,"A",1380,"A","2021",8,2021,215
"1878",2021-08-04,0,13.5,22.5,31.6,10.6,0.63,36.83,"USGS","13307000",21.8,"A",1350,"A","2021",8,2021,216
"1879",2021-08-05,0,13.5,24.4,35.3,7.7,4.62,48.99,"USGS","13307000",21.3,"A",1250,"A","2021",8,2021,217
"1880",2021-08-06,2.99,14,22.2,30.4,10,1.63,33.37,"USGS","13307000",20.6,"A",1170,"A","2021",8,2021,218
"1881",2021-08-07,0.02,11.9,19.8,27.7,10,1.39,26.19,"USGS","13307000",20.9,"A",1150,"A","2021",8,2021,219
"1882",2021-08-08,0,11.2,21.4,31.6,7.8,1.98,37.54,"USGS","13307000",20.4,"A",1130,"A","2021",8,2021,220
"1883",2021-08-09,0.02,7.2,17.4,27.7,5.9,2.04,27.89,"USGS","13307000",18.8,"A",1090,"A","2021",8,2021,221
"1884",2021-08-10,0,7,16.5,26,3.8,2.36,25.8,"USGS","13307000",18.6,"A",1060,"A","2021",8,2021,222
"1885",2021-08-11,0,9.1,19.3,29.5,3.9,3.28,34.81,"USGS","13307000",19.6,"A",1010,"A","2021",8,2021,223
"1886",2021-08-12,0,13.2,23.4,33.6,7.3,5.86,41.9,"USGS","13307000",20.9,"A",942,"A","2021",8,2021,224
"1887",2021-08-13,0,13.5,24.1,34.7,5.9,5.46,46.86,"USGS","13307000",21.3,"A",869,"A","2021",8,2021,225
"1888",2021-08-14,0,13.6,25,36.4,5,6.48,53.77,"USGS","13307000",21.4,"A",830,"A","2021",8,2021,226
"1889",2021-08-15,0,14.1,24.1,34.2,3.9,7.4,47.39,"USGS","13307000",21,"A",814,"A","2021",8,2021,227
"1890",2021-08-16,0,13.5,24.1,34.6,4.8,7.06,47.21,"USGS","13307000",20.6,"A",808,"A","2021",8,2021,228
"1891",2021-08-17,0,14.3,23.7,33.1,6.3,6.92,42.28,"USGS","13307000",19.7,"A",810,"A","2021",8,2021,229
"1892",2021-08-18,0.74,10.7,19.7,28.6,6.8,3.17,30.27,"USGS","13307000",17.9,"A",818,"A","2021",8,2021,230
"1893",2021-08-19,2.47,9.1,13.7,18.4,6.9,1.26,11.89,"USGS","13307000",17.3,"A",820,"A","2021",8,2021,231
"1894",2021-08-20,0,8.5,14.5,20.6,6.7,1.03,14.86,"USGS","13307000",17.2,"A",826,"A","2021",8,2021,232
"1895",2021-08-21,5.16,10.7,17.4,24,7.6,2.04,21.4,"USGS","13307000",17.3,"A",879,"A","2021",8,2021,233
"1896",2021-08-22,11.07,7.8,12.8,17.9,9.2,0.17,8.37,"USGS","13307000",17.1,"A",992,"A","2021",8,2021,234
"1897",2021-08-23,0,6.5,15.5,24.6,5.2,0.3,22.85,"USGS","13307000",17.5,"A",953,"A","2021",8,2021,235
"1898",2021-08-24,0,6.1,17,27.9,2,2.4,32.29,"USGS","13307000",17.8,"A",908,"A","2021",8,2021,236
"1899",2021-08-25,0,5.3,16.1,27,0.7,2.72,30.05,"USGS","13307000",17.4,"A",861,"A","2021",8,2021,237
"1900",2021-08-26,0,7.2,17.3,27.5,2.4,3.3,30.82,"USGS","13307000",16.9,"A",860,"A","2021",8,2021,238
"1901",2021-08-27,0,7.9,16.3,24.7,4.1,3.02,23.34,"USGS","13307000",17,"A",877,"A","2021",8,2021,239
"1902",2021-08-28,0,7.4,15.5,23.7,3.7,2.46,22.45,"USGS","13307000",17.3,"A",858,"A","2021",8,2021,240
"1903",2021-08-29,0,5.8,16,26.3,1.8,1.9,28.07,"USGS","13307000",17.7,"A",843,"A","2021",8,2021,241
"1904",2021-08-30,0,6.7,18.5,30.4,0.5,3.11,38.05,"USGS","13307000",18,"A",818,"A","2021",8,2021,242
"1905",2021-08-31,0,8.6,20.4,32.2,-0.9,5.36,43.37,"USGS","13307000",17.6,"A",795,"A","2021",8,2021,243
"2179",2022-06-01,0.04,6,11.4,16.8,3.2,1.2,11.97,"USGS","13307000",10.8,"A",7650,"A","2022",6,2022,152
"2180",2022-06-02,0.57,5.7,12.9,20.1,5,0.79,15.68,"USGS","13307000",12.1,"A",6880,"A","2022",6,2022,153
"2181",2022-06-03,1.11,6.6,15.1,23.7,6.2,1.07,21.12,"USGS","13307000",13.2,"A",6890,"A","2022",6,2022,154
"2182",2022-06-04,1.73,9.1,15.8,22.5,7.8,1.16,17.45,"USGS","13307000",12.6,"A",7670,"A","2022",6,2022,155
"2183",2022-06-05,3.62,7.3,11.8,16.4,8.5,0.6,6.68,"USGS","13307000",11.5,"A",9030,"A","2022",6,2022,156
"2184",2022-06-06,2.22,7.1,13.3,19.4,7.3,0.49,12.33,"USGS","13307000",11.2,"A",9740,"A","2022",6,2022,157
"2185",2022-06-07,1.86,5.8,12.3,18.9,4.8,0.62,14.55,"USGS","13307000",11.8,"A",10200,"A","2022",6,2022,158
"2186",2022-06-08,0,5.7,14,22.3,3.2,0.76,20.8,"USGS","13307000",12.1,"A",9870,"A","2022",6,2022,159
"2187",2022-06-09,0.58,8.7,13.8,19,7.4,1.25,11.64,"USGS","13307000",12.6,"A",9680,"A","2022",6,2022,160
"2188",2022-06-10,0,9.4,18,26.7,7.3,1.66,25.77,"USGS","13307000",13.1,"A",9810,"A","2022",6,2022,161
"2189",2022-06-11,0.14,10.4,18.9,27.4,9.3,0.83,26.68,"USGS","13307000",13.3,"A",11000,"A","2022",6,2022,162
"2190",2022-06-12,5.7,9.2,13.7,18.2,10.1,0.14,8.12,"USGS","13307000",12,"A",12800,"A","2022",6,2022,163
"2191",2022-06-13,6.19,8.5,11.4,14.3,9,0.25,4.86,"USGS","13307000",10.9,"A",14800,"A","2022",6,2022,164
"2192",2022-06-24,0,8.9,19.3,29.7,4.3,3.05,33.97,"USGS","13307000",15.4,"A",7640,"A","2022",6,2022,175
"2193",2022-06-25,0,6.2,15.1,24,0.7,2.7,25.24,"USGS","13307000",15.2,"A",7610,"A","2022",6,2022,176
"2194",2022-06-26,0,6.1,16.3,26.5,1.6,2.52,28.78,"USGS","13307000",15.5,"A",7290,"A","2022",6,2022,177
"2195",2022-06-27,0,8.4,20,31.6,1.5,3.84,41.31,"USGS","13307000",16.4,"A",6900,"A","2022",6,2022,178
"2196",2022-06-28,0,10.5,22.3,34.1,4.4,4.79,46.49,"USGS","13307000",16.7,"A",6630,"A","2022",6,2022,179
"2197",2022-06-29,0,13.6,24,34.4,3.8,6.47,48.02,"USGS","13307000",16.7,"A",6520,"A","2022",6,2022,180
"2198",2022-06-30,0,9,18.6,28.1,0.5,4.29,33.68,"USGS","13307000",16.8,"A",6400,"A","2022",6,2022,181
"2199",2022-07-01,0,8.6,19.2,29.7,1.4,3.97,36.17,"USGS","13307000",16.9,"A",5890,"A","2022",7,2022,182
"2200",2022-07-02,0,9.7,20.7,31.7,3.6,4.73,39.79,"USGS","13307000",17.1,"A",5400,"A","2022",7,2022,183
"2201",2022-07-03,0.25,11.2,21.5,31.9,5.2,3.96,39.48,"USGS","13307000",17.5,"A",5140,"A","2022",7,2022,184
"2202",2022-07-04,6.36,12,19.1,26.2,9.6,1.55,22.9,"USGS","13307000",17,"A",5050,"A","2022",7,2022,185
"2203",2022-07-05,0,9.9,17.8,25.6,7.5,1.53,25.01,"USGS","13307000",16.7,"A",4790,"A","2022",7,2022,186
"2204",2022-07-06,0,9.6,19.1,28.6,7.3,2,29.69,"USGS","13307000",16.6,"A",4520,"A","2022",7,2022,187
"2205",2022-07-07,0.51,11.7,20.9,30,9.3,2.94,31.82,"USGS","13307000",17.2,"A",4260,"A","2022",7,2022,188
"2206",2022-07-08,0.95,11.6,21.1,30.7,10.1,2.22,33.71,"USGS","13307000",17.3,"A",4150,"A","2022",7,2022,189
"2207",2022-08-10,0,12.6,24,35.3,3.5,10.13,50.11,"USGS","13307000",19.6,"A",1290,"A","2022",8,2022,222
"2208",2022-08-11,1.51,13.9,22.1,30.3,10.9,1.91,32.68,"USGS","13307000",19.8,"A",1330,"A","2022",8,2022,223
"2209",2022-08-12,0.21,13.4,23.3,33.1,11.2,1.41,39.45,"USGS","13307000",20.1,"A",1370,"A","2022",8,2022,224
"2210",2022-08-13,1.32,12.7,22.3,32,11.7,1.88,34.64,"USGS","13307000",20.1,"A",1450,"A","2022",8,2022,225
"2211",2022-08-14,0,11.6,23.5,35.5,8.7,2.38,48.5,"USGS","13307000",20.8,"A",1460,"A","2022",8,2022,226
"2212",2022-08-15,0,12.3,23,33.7,3.4,5.63,45.9,"USGS","13307000",20.5,"A",1380,"A","2022",8,2022,227
"2213",2022-08-16,0,11.1,22.8,34.5,1.2,7.75,48.49,"USGS","13307000",20.2,"A",1310,"A","2022",8,2022,228
"2214",2022-08-17,0,12.2,23.7,35.3,1.4,9.7,51.58,"USGS","13307000",20.1,"A",1250,"A","2022",8,2022,229
"2215",2022-08-18,0,12.4,24.7,37.1,1,9.33,57.59,"USGS","13307000",20.1,"A",1190,"A","2022",8,2022,230
"2216",2022-08-19,0,13,25,37,4.1,9.37,55.88,"USGS","13307000",20.3,"A",1170,"A","2022",8,2022,231
"2217",2022-08-20,0.01,14.2,24.9,35.6,7.8,6.45,49.17,"USGS","13307000",20.4,"A",1160,"A","2022",8,2022,232
"2218",2022-08-21,0,15.3,23.1,30.9,10.5,5.07,33.1,"USGS","13307000",20.9,"A",1170,"A","2022",8,2022,233
"2219",2022-08-22,0.01,14.6,24.4,34.2,8.4,4.89,45.6,"USGS","13307000",21,"A",1190,"A","2022",8,2022,234
"2220",2022-08-23,0,11.8,21.5,31.3,8.8,3.75,35.85,"USGS","13307000",19.8,"A",1210,"A","2022",8,2022,235
"2221",2022-08-24,0,11,21.5,32,7.7,3.35,38.5,"USGS","13307000",20,"A",1200,"A","2022",8,2022,236
"2222",2022-08-25,0.33,12.5,23.4,34.2,8.9,3.94,45.48,"USGS","13307000",20.2,"A",1170,"A","2022",8,2022,237
"2223",2022-08-26,1.23,12.2,21.1,30.1,10.5,3.19,31.26,"USGS","13307000",20.1,"A",1160,"A","2022",8,2022,238
"2224",2022-08-27,0,11.3,21.2,31.1,6.6,3.69,36.96,"USGS","13307000",19.5,"A",1120,"A","2022",8,2022,239
"2225",2022-08-28,0,10.4,20.1,29.9,2.3,4.69,35.99,"USGS","13307000",18.5,"A",1090,"A","2022",8,2022,240
"2226",2022-08-29,0,8.7,18.1,27.5,1.1,4.81,30.5,"USGS","13307000",18.5,"A",1080,"A","2022",8,2022,241
"2227",2022-08-30,0,8.5,20.9,33.3,3.2,4.64,44.31,"USGS","13307000",19,"A",1080,"A","2022",8,2022,242
"2228",2022-08-31,0,11.5,23.2,34.9,2.4,7.1,50.15,"USGS","13307000",19.4,"A",1060,"A","2022",8,2022,243
"2502",2023-06-01,7.38,9.8,16.4,22.9,9.8,0.32,17.53,"USGS","13307000",12.8,"A",10500,"A","2023",6,2023,152
"2503",2023-06-02,2.43,8.5,14.3,20,9.6,0.15,11.92,"USGS","13307000",12.9,"A",10700,"A","2023",6,2023,153
"2504",2023-06-03,5.54,8.4,15.1,21.9,10.7,0.08,13.96,"USGS","13307000",12.5,"A",11000,"A","2023",6,2023,154
"2505",2023-06-04,1.06,10.3,14.5,18.8,11.2,0.31,8.67,"USGS","13307000",13.2,"A",10600,"A","2023",6,2023,155
"2506",2023-06-05,4.01,10.5,17.8,25.1,10.9,0.31,20.37,"USGS","13307000",14.2,"A",10800,"A","2023",6,2023,156
"2507",2023-06-06,1.1,10,16.3,22.6,10.6,0.37,15.16,"USGS","13307000",14.2,"A",11100,"A","2023",6,2023,157
"2508",2023-06-07,1.36,9.4,18.2,27,9.9,0.82,22.57,"USGS","13307000",14.4,"A",10800,"A","2023",6,2023,158
"2509",2023-06-08,1.46,11,19.9,28.8,10.6,0.87,28.39,"USGS","13307000",14.1,"A",10400,"A","2023",6,2023,159
"2510",2023-06-09,9.15,11.4,15.1,18.8,12.6,0.31,6.33,"USGS","13307000",13.7,"A",10400,"A","2023",6,2023,160
"2511",2023-06-10,0.86,9.4,17.5,25.5,9.4,0.72,22.09,"USGS","13307000",14.2,"A",10000,"A","2023",6,2023,161
"2512",2023-06-11,2.06,8.5,17.3,26,9.1,0.7,23.77,"USGS","13307000",14.5,"A",9450,"A","2023",6,2023,162
"2513",2023-06-12,1.24,10,16.2,22.5,10.1,0.65,14.81,"USGS","13307000",14,"A",9070,"A","2023",6,2023,163
"2514",2023-06-13,1.86,9.6,16.5,23.3,11.3,0.35,14.82,"USGS","13307000",14.6,"A",8890,"A","2023",6,2023,164
"2515",2023-06-14,3.55,11.1,17.7,24.4,11.2,0.56,18.92,"USGS","13307000",15.2,"A",9010,"A","2023",6,2023,165
"2516",2023-06-15,0.72,5.3,13.7,22.1,2.1,0.64,20.52,"USGS","13307000",14.1,"A",8840,"A","2023",6,2023,166
"2517",2023-06-16,0,5.2,11.3,17.5,2.9,1.33,12.34,"USGS","13307000",13.6,"A",8240,"A","2023",6,2023,167
"2518",2023-06-17,0,6.2,15.5,24.8,4,1.42,24.47,"USGS","13307000",14.3,"A",7480,"A","2023",6,2023,168
"2519",2023-06-18,4.69,10.6,15.9,21.1,8.9,1.19,14.62,"USGS","13307000",14,"A",7390,"A","2023",6,2023,169
"2520",2023-06-19,8.77,5.6,11.2,16.8,3.9,0.53,11.98,"USGS","13307000",12.3,"A",7970,"A","2023",6,2023,170
"2521",2023-06-20,3.56,2.9,8.3,13.7,2.9,0.67,8.41,"USGS","13307000",12,"A",7810,"A","2023",6,2023,171
"2522",2023-06-21,1.44,2,8.9,15.9,1.6,0.35,12.41,"USGS","13307000",12.1,"A",7060,"A","2023",6,2023,172
"2523",2023-06-22,0,3.1,10.8,18.5,0.7,0.57,16.02,"USGS","13307000",12.5,"A",6440,"A","2023",6,2023,173
"2524",2023-06-23,0,3.7,14.5,25.3,1.3,1.79,26.43,"USGS","13307000",13.7,"A",5870,"A","2023",6,2023,174
"2525",2023-06-24,1.55,8.1,15.2,22.2,7.2,0.54,17.49,"USGS","13307000",14.1,"A",5570,"A","2023",6,2023,175
"2526",2023-06-25,0.35,8,17.1,26.3,5.6,0.69,27.29,"USGS","13307000",14.6,"A",5260,"A","2023",6,2023,176
"2527",2023-06-26,4.63,8.6,15.8,23,8.3,0.5,18.56,"USGS","13307000",14.2,"A",5140,"A","2023",6,2023,177
"2528",2023-06-27,0.95,9,15.9,22.8,9,0.52,16.99,"USGS","13307000",14.7,"A",5110,"A","2023",6,2023,178
"2529",2023-06-28,5.86,8.8,16.8,24.8,9.5,0.14,21.65,"USGS","13307000",15.3,"A",5230,"A","2023",6,2023,179
"2530",2023-06-29,2.35,10,15.5,21,10.9,0.21,11.63,"USGS","13307000",15.6,"A",5170,"A","2023",6,2023,180
"2531",2023-06-30,0.02,9.5,19.2,28.9,10.1,0.51,28.65,"USGS","13307000",17.6,"A",4900,"A","2023",6,2023,181
"2532",2023-07-01,0,11.7,21.5,31.3,9,2.36,36.43,"USGS","13307000",18.2,"A",4670,"A","2023",7,2023,182
"2533",2023-07-02,2.43,12,21,30.1,9,2.98,31.69,"USGS","13307000",18.6,"A",4560,"A","2023",7,2023,183
"2534",2023-07-03,0,10.8,21.3,31.7,5.6,3.58,39.04,"USGS","13307000",19,"A",4410,"A","2023",7,2023,184
"2535",2023-07-04,0,9.8,19.2,28.6,3.5,3.89,31.67,"USGS","13307000",18.2,"A",4220,"A","2023",7,2023,185
"2536",2023-07-05,0,8.3,17.3,26.3,3.8,3.09,27.3,"USGS","13307000",18.2,"A",4050,"A","2023",7,2023,186
"2537",2023-07-06,0,9.1,18.8,28.6,4.4,3.35,31.42,"USGS","13307000",18.1,"A",3900,"A","2023",7,2023,187
"2538",2023-07-07,0,10.3,20.2,30.1,4.8,4.2,35.9,"USGS","13307000",18.4,"A",3690,"A","2023",7,2023,188
"2539",2023-07-08,0,10.6,20.8,30.9,5.9,4.12,36.18,"USGS","13307000",18.5,"A",3500,"A","2023",7,2023,189
"2540",2023-07-09,0,10.9,21.2,31.5,6.3,4.33,37.57,"USGS","13307000",19.2,"A",3330,"A","2023",7,2023,190
"2541",2023-07-10,0.66,11.6,22.6,33.5,8.1,4.45,42.5,"USGS","13307000",20,"A",3220,"A","2023",7,2023,191
"2542",2023-07-11,2.63,13.9,23,32,10.2,3.49,36.99,"USGS","13307000",20.1,"A",3060,"A","2023",7,2023,192
"2543",2023-07-12,0,11.6,21,30.5,5.3,3.16,35.8,"USGS","13307000",20,"A",2920,"A","2023",7,2023,193
"2544",2023-07-13,0,10.2,21.1,32,4.3,4.57,40.27,"USGS","13307000",19.7,"A",2790,"A","2023",7,2023,194
"2545",2023-07-14,0,12.6,21.5,30.4,6.6,5.16,34.41,"USGS","13307000",19.7,"A",2650,"A","2023",7,2023,195
"2546",2023-07-15,0,11.9,21.7,31.6,5.2,4.12,39.43,"USGS","13307000",20.3,"A",2540,"A","2023",7,2023,196
"2547",2023-07-16,0,11.4,22.4,33.4,3.5,5.76,45.39,"USGS","13307000",21,"A",2410,"A","2023",7,2023,197
"2548",2023-07-17,0,13,25,37.1,6,7.98,54.61,"USGS","13307000",21.2,"A",2340,"A","2023",7,2023,198
"2549",2023-07-18,0,12.5,22.8,33,5.5,5.85,42.6,"USGS","13307000",20.1,"A",2240,"A","2023",7,2023,199
"2550",2023-07-19,0,10.7,21.4,32,1.4,5.88,42.04,"USGS","13307000",20.3,"A",2190,"A","2023",7,2023,200
"2551",2023-07-20,0,10.5,22.3,34.1,2.1,6.19,47.49,"USGS","13307000",20.8,"A",2130,"A","2023",7,2023,201
"2552",2023-07-21,0,12.4,23.6,34.9,5.4,6.98,49.04,"USGS","13307000",21,"A",2000,"A","2023",7,2023,202
"2553",2023-07-22,0,12.8,24.5,36.2,6.2,6.77,52.2,"USGS","13307000",21.7,"A",1920,"A","2023",7,2023,203
"2554",2023-07-23,0,14.5,26.3,38.1,5.5,7.81,60.04,"USGS","13307000",22.3,"A",1840,"A","2023",7,2023,204
"2555",2023-07-24,0,16.2,27.2,38.2,6.7,9.06,58.61,"USGS","13307000",21.8,"A",1790,"A","2023",7,2023,205
"2556",2023-07-25,0,14.1,22.9,31.6,8,4.99,38.16,"USGS","13307000",20.6,"A",1760,"A","2023",7,2023,206
"2557",2023-07-26,0,12.8,22.9,33,6.2,3.76,43.32,"USGS","13307000",20.7,"A",1760,"A","2023",7,2023,207
"2558",2023-07-27,0,12.8,22.6,32.5,6.6,5.04,39.94,"USGS","13307000",20.8,"A",1710,"A","2023",7,2023,208
"2559",2023-07-28,1.14,12.9,23,33.1,7.1,5.23,42.82,"USGS","13307000",21.2,"A",1660,"A","2023",7,2023,209
"2560",2023-07-29,0.02,12.9,23.1,33.2,8.3,3.96,41.76,"USGS","13307000",20.7,"A",1600,"A","2023",7,2023,210
"2561",2023-07-30,0,13.1,22.9,32.6,5.4,4.94,42.69,"USGS","13307000",20.6,"A",1560,"A","2023",7,2023,211
"2562",2023-07-31,0,12.3,23.8,35.2,-0.3,9.92,52.19,"USGS","13307000",20,"A",1520,"A","2023",7,2023,212
"2563",2023-08-01,0,11.4,23.2,35,1.3,7.31,49.85,"USGS","13307000",20.1,"A",1470,"A","2023",8,2023,213
"2564",2023-08-02,0,12.7,23.8,34.8,2.7,7.22,49.92,"USGS","13307000",20.6,"A",1440,"A","2023",8,2023,214
"2565",2023-08-03,0.7,12.8,22.4,32,8,3.14,37.17,"USGS","13307000",19.7,"A",1420,"A","2023",8,2023,215
"2566",2023-08-04,0,12.5,21,29.6,8.2,2.79,31.91,"USGS","13307000",19,"A",1410,"A","2023",8,2023,216
"2567",2023-08-05,1.52,13.2,17.4,21.5,10.7,0.83,14.18,"USGS","13307000",18.5,"A",1490,"A","2023",8,2023,217
"2568",2023-08-06,7.62,9.6,17.8,26,11.2,0.22,21.59,"USGS","13307000",18.7,"A",1590,"A","2023",8,2023,218
"2569",2023-08-07,1.08,8.8,17.1,25.5,9.9,0.36,21.84,"USGS","13307000",19.1,"A",1660,"A","2023",8,2023,219
"2570",2023-08-08,4.8,10.7,17.7,24.8,10.7,0.55,19.85,"USGS","13307000",18.9,"A",1770,"A","2023",8,2023,220
"2571",2023-08-09,0.53,11,19.1,27.2,10.3,0.69,24.51,"USGS","13307000",19.6,"A",1860,"A","2023",8,2023,221
"2572",2023-08-10,0.69,10.8,19.5,28.3,10.1,1.02,27.78,"USGS","13307000",19.6,"A",1730,"A","2023",8,2023,222
"2573",2023-08-11,0,10,19.8,29.6,6.4,1.61,34.01,"USGS","13307000",20.1,"A",1580,"A","2023",8,2023,223
"2574",2023-08-12,0,10.2,20.8,31.4,5.9,3.95,37.32,"USGS","13307000",20.4,"A",1500,"A","2023",8,2023,224
"2575",2023-08-13,0,11.4,21.1,30.8,4.3,4.71,37.32,"USGS","13307000",20.5,"A",1460,"A","2023",8,2023,225
"2576",2023-08-14,0,10.9,20.8,30.7,6,4.46,35.11,"USGS","13307000",21.2,"A",1420,"A","2023",8,2023,226
"2577",2023-08-15,0,11.2,23.6,36,4.6,5.95,52.57,"USGS","13307000",21.7,"A",1370,"A","2023",8,2023,227
"2578",2023-08-16,0,13.2,25.5,37.8,7.2,7.48,56.21,"USGS","13307000",22.2,"A",1320,"A","2023",8,2023,228
"2579",2023-08-17,0,14.9,25.8,36.7,6.8,8.47,53.24,"USGS","13307000",22.5,"A",1290,"A","2023",8,2023,229
"2580",2023-08-18,0,14.2,25.8,37.4,6.5,7.99,56.31,"USGS","13307000",22.6,"A",1270,"A","2023",8,2023,230
"2581",2023-08-19,0.07,14.8,23.2,31.6,9,5.13,37.38,"USGS","13307000",21.8,"A",1240,"A","2023",8,2023,231
"2582",2023-08-20,2.5,12.8,21.9,31.1,10.6,1.4,35.79,"USGS","13307000",20.2,"A",1310,"A","2023",8,2023,232
"2583",2023-08-21,17.31,13.5,15.8,18,14,0.12,4.35,"USGS","13307000",18.9,"A",1710,"A","2023",8,2023,233
"2584",2023-08-22,3.32,13.8,19.1,24.5,15,0.09,13.17,"USGS","13307000",19.1,"A",2340,"A","2023",8,2023,234
"2585",2023-08-23,5.52,12,19.9,27.7,11.2,0.82,25.18,"USGS","13307000",19,"A",2930,"A","2023",8,2023,235
"2586",2023-08-24,2.61,10.4,18.6,26.9,8.4,2.13,25.05,"USGS","13307000",18.6,"A",2600,"A","2023",8,2023,236
"2587",2023-08-25,0,9.9,20.1,30.3,8.6,1.83,32.7,"USGS","13307000",19.3,"A",2320,"A","2023",8,2023,237
"2588",2023-08-26,4.41,11.4,20,28.7,11.4,0.58,26.94,"USGS","13307000",19.4,"A",2150,"A","2023",8,2023,238
"2589",2023-08-27,0.39,11.2,19.9,28.7,11.4,0.8,26.59,"USGS","13307000",19.8,"A",2010,"A","2023",8,2023,239
"2590",2023-08-28,0.11,12.4,21.6,30.9,9.5,3.11,33.64,"USGS","13307000",20.4,"A",1930,"A","2023",8,2023,240
"2591",2023-08-29,0,11.5,22.3,33,8.6,2.93,40.96,"USGS","13307000",20.2,"A",1840,"A","2023",8,2023,241
"2592",2023-08-30,3.13,10.8,21.7,32.6,9,1.25,40.18,"USGS","13307000",18.9,"A",1770,"A","2023",8,2023,242
"2593",2023-08-31,0.04,9.6,14.7,19.7,5.4,1.55,15.14,"USGS","13307000",18.1,"A",1720,"A","2023",8,2023,243
