Date,ppt (mm),tmin (degrees C),tmean (degrees C),tmax (degrees C),tdmean (degrees C),vpdmin (hPa),vpdmax (hPa)
2019-10-01,0,-5.4,2.2,9.7,-4.2,0.29,8.24
2019-10-02,0,-2.1,3.1,8.3,-1.7,0.27,5.61
2019-10-03,0,-3.5,4,11.5,-5.1,0.44,9.59
2019-10-04,0,-0.5,7.9,16.4,-3.9,1.75,14.31
2019-10-05,1.4,-1,3.5,8.1,-0.7,0.57,4.72
2019-10-06,0,-3.4,4.1,11.6,-3.4,0.56,8.74
2019-10-07,0,-3.3,6,15.4,-6.3,1.01,13.9
2019-10-08,0,0,9.3,18.5,-5.9,2.42,17.56
2019-10-09,0,1,8.6,16.3,-2.4,1.86,12.99
2019-10-10,0,-8,-1.9,4.1,-8.3,0.54,4.94
2019-10-11,0,-9.6,-2.4,4.9,-10.2,0.37,5.78
2019-10-12,0,-8.2,1.5,11.3,-11.3,0.95,10.94
2019-10-13,1.23,-4.4,5.8,16,-11.7,1.95,16.06
2019-10-14,0,-1,8.8,18.6,-10.7,3.26,18.77
2019-10-15,0,1.1,8.1,15.1,-5.9,3.21,12.51
2019-10-16,0,0.3,10.2,20.1,-6.2,2.76,19.66
2019-10-17,0,4.2,13.2,22.3,-8.4,4.85,24.09
2019-10-18,0,-0.5,6.8,14.2,-0.4,0.65,11.01
2019-10-19,2.1,-1.3,3.9,9.1,-3.7,0.89,7.03
2019-10-20,10.25,-2.3,1.3,4.9,-1.4,0.2,2.72
2019-10-21,0.4,-1.7,2,5.7,-2.2,0.37,4.33
2019-10-22,0,0.6,4.5,8.4,0.4,0.63,5.15
2019-10-23,0,3.8,7.6,11.4,2.3,1.1,5.2
2019-10-24,0,-2.9,3.8,10.6,-7,1.37,9.38
2019-10-25,0,-3.9,3.7,11.4,-7.4,1.21,10.32
2019-10-26,0,-1,8.6,18.1,-3.8,1.46,16.16
2019-10-27,3.04,-4.3,2.3,8.9,-7.3,0.81,8.36
2019-10-28,0,-9.8,-3.7,2.5,-16.8,0.87,5.53
2019-10-29,0.31,-11.2,-5.2,0.8,-11.7,0.41,4.24
2019-10-30,0,-14.6,-9,-3.5,-17.4,0.5,3.01
2019-10-31,0,-15.1,-6.9,1.3,-16.3,0.6,4.92
2019-11-01,2.17,-10.4,-2.7,5,-14.9,1.05,6.64
2019-11-02,0.17,-8.4,-1.1,6.2,-11.7,1.04,6.88
2019-11-03,1.6,-6.7,1.4,9.5,-10.5,1.31,8.96
2019-11-04,0,-2.6,4,10.7,-7,1.84,9.02
2019-11-05,0,-1,5.8,12.6,-3.8,1.51,9.61
2019-11-06,0,-0.6,7,14.6,-3.9,1.45,11.52
2019-11-07,0,-2.3,5.8,13.9,-5.1,1.23,11.47
2019-11-08,0,-2,5.1,12.2,-6.9,1.82,10.23
2019-11-09,0,-1.5,7.4,16.3,-7.1,2.32,14.87
2019-11-10,0,-0.2,7.3,14.8,-5.9,2.52,12.72
2019-11-11,0,0,6.5,12.9,-1.4,1.12,8.3
2019-11-12,0,-3.3,3.1,9.6,-6.6,0.83,7.92
2019-11-13,0,-3.4,3.7,10.8,-6.3,1.34,9.71
2019-11-14,0,-1.4,5,11.4,-2.4,0.92,7.81
2019-11-15,0,-2.2,5.1,12.5,-2.6,0.64,8.97
2019-11-16,0,1,6.9,12.8,-1.6,1.56,9.39
2019-11-17,0,-0.2,4.5,9.3,-4,1.63,7.31
2019-11-18,0,0.1,6,11.9,-2.7,1.59,8.72
2019-11-19,0,1.5,7.5,13.5,1,1.16,8.29
2019-11-20,0,-2.1,3.7,9.5,-2,0.55,6.43
2019-11-21,0,-3.5,2,7.5,-5.2,0.66,6.14
2019-11-22,0,-5.1,1.2,7.6,-7.7,1.03,6.87
2019-11-23,0,-5.9,0.5,6.9,-7.2,0.8,6.04
2019-11-24,0,-6.2,0.7,7.6,-6.4,0.64,6.23
2019-11-25,0,-3.8,1.1,6.1,-4.9,0.9,4.51
2019-11-26,0,-6.6,-2.2,2.2,-8.5,0.49,4.47
2019-11-27,5.07,-7.9,-4.8,-1.7,-9.2,0.36,2.54
2019-11-28,2.7,-6.9,-4,-1.1,-5.2,0.23,1.24
2019-11-29,0.85,-7.4,-2.8,1.8,-5.4,0.21,2.11
2019-11-30,7.12,-7.9,-4.6,-1.2,-6.8,0.27,1.25
2019-12-01,0,-13.4,-7.4,-1.4,-10.8,0.24,2.09
2019-12-02,6.89,-6.1,-3.7,-1.4,-6.4,0.45,1.88
2019-12-03,4.08,-3.4,-1.1,1.2,-1.8,0.11,0.8
2019-12-04,0,-3,0.1,3.2,-1.3,0.12,1.34
2019-12-05,0,-4.8,-0.2,4.3,-2.4,0.09,2.45
2019-12-06,1.16,-4.6,-2.3,0.1,-2.4,0.09,0.65
2019-12-07,0.4,-1.6,1.3,4.2,-2,0.38,2.45
2019-12-08,6.47,-0.9,1.3,3.5,0.7,0.11,0.96
2019-12-09,3.81,-2.1,0.2,2.5,-0.6,0.17,0.68
2019-12-10,2.5,-4.7,-0.9,2.8,-5.9,0.67,2.92
2019-12-11,0.39,-7.1,-2.2,2.8,-5.5,0.35,2.7
2019-12-12,5.74,-2.9,-0.7,1.5,-0.9,0.13,0.88
2019-12-13,11.13,0,2,4,0.3,0.16,1.35
2019-12-14,3.21,-3.4,-0.9,1.5,-2.7,0.07,1.76
2019-12-15,2.58,-9.5,-4.7,0.1,-6.9,0.14,1.83
2019-12-16,0,-11.1,-6.5,-1.9,-8.9,0.26,1.56
2019-12-17,0,-14.4,-9.2,-3.9,-11.8,0.23,1.61
2019-12-18,0,-15.4,-9.4,-3.3,-13.9,0.28,2.33
2019-12-19,0.06,-8.5,-4,0.4,-11.2,0.8,3.47
2019-12-20,1.62,-4.5,-1.6,1.3,-3.8,0.43,1.77
2019-12-21,0,-2,1,3.9,-2.7,0.57,2.4
2019-12-22,0,-0.9,1.5,3.9,-5.1,1.33,3.77
2019-12-23,0,0.6,4.1,7.5,-7.7,2.69,6.99
2019-12-24,3.79,-1,1.7,4.5,-1.5,0.08,3.51
2019-12-25,4.11,-7.4,-3.3,0.8,-4.1,0.03,1.2
2019-12-26,0,-9.3,-5.1,-0.9,-6.3,0.02,1.46
2019-12-27,0,-8.7,-5.4,-2,-7.3,0.08,1.22
2019-12-28,0,-10,-6.7,-3.4,-8.8,0.17,1.42
2019-12-29,0,-10.7,-6,-1.2,-8.8,0.12,2.26
2019-12-30,0,-7.2,-4.1,-0.9,-6.3,0.15,1.45
2019-12-31,0,-7,-4.2,-1.4,-5.8,0.07,1.27
2020-01-01,5.23,-4.5,-2.2,0.2,-3,0.1,1.2
2020-01-02,6.03,-1.6,0.7,2.9,-1.5,0.16,1.53
2020-01-03,1.64,-2.5,-0.5,1.5,-3.9,0.55,2.2
2020-01-04,0.02,-5.1,-0.1,5,-5.3,0.45,4.24
2020-01-05,0,-7.3,-1.7,3.9,-6.9,0.41,4.26
2020-01-06,2.06,-5.9,-3.5,-1.1,-5.6,0.14,1.36
2020-01-07,1.95,-6.4,-3.2,0.1,-3.8,0.06,1.41
2020-01-08,0.02,-3.7,0.2,4.2,-2.7,0.38,2.1
2020-01-09,6.07,-4,-1.4,1.2,-3.7,0.11,2.12
2020-01-10,0.39,-9.9,-6,-2,-8.1,0.15,1.47
2020-01-11,3.62,-12.6,-8,-3.5,-8.9,0.18,1.58
2020-01-12,8.81,-5.8,-3.2,-0.5,-4.8,0.17,1.12
2020-01-13,13.99,-5.9,-3.7,-1.4,-5.3,0.16,1.36
2020-01-14,6.01,-8,-5.1,-2.1,-7.4,0.12,1.91
2020-01-15,5.96,-10.7,-6.8,-2.8,-8.3,0.19,1.51
2020-01-16,0.78,-13.3,-7.4,-1.5,-11,0.33,2.41
2020-01-17,2.27,-3,-0.2,2.6,-5.1,0.32,3.23
2020-01-18,0,-9.6,-5.3,-1.1,-9.3,0.32,2.7
2020-01-19,0,-8.5,-3.9,0.6,-7.6,0.47,2.84
2020-01-20,1.41,-8.7,-2.7,3.4,-6.6,0.18,3.64
2020-01-21,0,-2.4,1.2,4.7,-5.4,1.27,4.41
2020-01-22,3.98,-2.2,1.7,5.5,-2.3,0.13,3.97
2020-01-23,0,-4.9,-1.4,2.1,-3.2,0.1,2.1
2020-01-24,2.38,-1.2,2.6,6.5,0.1,0.13,2.55
2020-01-25,5.67,-2.1,0.9,3.9,0.1,0.02,1.02
2020-01-26,2.55,-3.5,0,3.5,-0.3,0.04,1.21
2020-01-27,12.4,-2.5,0.5,3.4,0.1,0.02,0.91
2020-01-28,1.12,-3.3,0,3.3,-2.3,0.15,2.44
2020-01-29,6.46,-3.4,0.1,3.7,-0.9,0.03,1.15
2020-01-30,1.8,-6,-1.9,2.2,-2.5,0.03,1.9
2020-01-31,1.93,-7.5,-1.1,5.2,-4,0.02,4.68
2020-02-01,0.25,-5.9,-1,3.8,-1.1,0,1.28
2020-02-02,0,-2.3,1.8,5.9,-1.3,0.14,3.23
2020-02-03,0,-7.8,-2,3.7,-6.9,0.19,3.39
2020-02-04,0,-12.9,-7.1,-1.3,-18,0.62,4.37
2020-02-05,1.73,-14.9,-9.2,-3.6,-13.8,0.17,2.74
2020-02-06,3.81,-6.9,-3.7,-0.5,-3.9,0.08,0.91
2020-02-07,12.58,-0.4,1.3,3,1,0.22,0.75
2020-02-08,1.27,0.5,2.5,4.6,0.8,0.16,2.05
2020-02-09,0.33,-6.4,-1.7,3,-6,0.22,3.42
2020-02-10,0.05,-9,-3.4,2.3,-8,0.13,3.65
2020-02-11,0,-9.5,-3.5,2.6,-9.4,0.34,4.24
2020-02-12,0,-10,-3.8,2.4,-7.4,0.28,3.61
2020-02-13,0.09,-6.7,-1.3,4.2,-7.3,0.51,4.59
2020-02-14,0,-7.7,-1.2,5.2,-7.2,0.55,4.99
2020-02-15,0,-7.6,-2.9,1.8,-9.1,0.74,3.9
2020-02-16,1.38,-6.9,-2.2,2.4,-5.1,0.06,3.38
2020-02-17,6.31,-9.1,-3.6,1.9,-5,0.07,1.69
2020-02-18,2.64,-11.6,-6.7,-1.7,-10.3,0.41,2.05
2020-02-19,0,-14.6,-8,-1.4,-13.2,0.24,3.03
2020-02-20,0,-16,-8.3,-0.7,-15,0.3,3.58
2020-02-21,0,-14.6,-7,0.7,-16.1,0.61,4.5
2020-02-22,0,-11.3,-3.5,4.4,-13.9,0.7,6.1
2020-02-23,0.34,-8.4,0.4,9.2,-8.8,0.64,8.18
2020-02-24,0,-7.8,0.5,8.7,-7.1,0.27,6.92
2020-02-25,0,-9,-4.5,-0.1,-10.8,0.72,3.12
2020-02-26,0,-11.1,-4.1,2.9,-12.4,0.54,5.03
2020-02-27,0,-7.6,-0.4,6.7,-8.7,0.73,6.4
2020-02-28,0,-5.6,1,7.6,-6.5,0.82,6.83
2020-02-29,0,-5.2,1.8,8.8,-5.9,0.62,6.85
2020-03-01,0,-3.7,0.3,4.4,-8,1.13,4.76
2020-03-02,0,-6.8,-1.2,4.4,-10.8,1.22,5.61
2020-03-03,0,-7.2,-1.4,4.4,-7.2,0.94,4.63
2020-03-04,0,-0.7,3.9,8.6,-1.9,0.78,5.55
2020-03-05,0,-3,2.8,8.7,-5.9,0.89,7.08
2020-03-06,0.14,-3.5,3.9,11.3,-4.7,1.12,8.88
2020-03-07,0,2.3,6.9,11.4,-3.5,2.55,8.56
2020-03-08,2.31,-0.3,3.8,8,-0.2,0.14,5.52
2020-03-09,0,-2.4,2,6.4,-3,0.23,4.96
2020-03-10,0.46,-1.7,2,5.8,-1.8,0.39,3.82
2020-03-11,0.1,-2.8,3.4,9.6,-3.7,0.47,7.06
2020-03-12,0.03,-3.3,3.9,11.2,-4.8,0.99,8.41
2020-03-13,0,-5,0.9,6.8,-11.3,1.67,7.44
2020-03-14,0,-7.4,0,7.4,-8.6,1.01,7.19
2020-03-15,2.6,0.2,3.8,7.5,-0.2,0.08,5.16
2020-03-16,4.75,-0.1,3.8,7.8,0.9,0.07,3.88
2020-03-17,0.46,-0.6,4.9,10.3,-0.1,0.36,6.4
2020-03-18,2.45,-0.4,5,10.4,0.5,0.2,6.28
2020-03-19,0,-3.1,1.4,6,-2.7,0.36,4.43
2020-03-20,0.01,-4.4,3.3,10.9,-3.3,0.56,8.57
2020-03-21,1.09,-0.1,5.4,10.8,-0.9,0.75,7.22
2020-03-22,0,-2,4.5,11,-4.9,0.7,9.35
2020-03-23,0,-2.6,4,10.6,-8.3,1.33,9.9
2020-03-24,0.03,-1.3,4.5,10.3,-2.6,0.74,7.91
2020-03-25,1.61,-2.2,2.1,6.3,-2.4,0.17,4.89
2020-03-26,0.01,-6.5,-1.4,3.7,-6.6,0.23,4.47
2020-03-27,1.74,-7.9,-1.8,4.3,-10.6,0.64,5.74
2020-03-28,0,-6.9,-0.7,5.5,-7.5,0.88,5.48
2020-03-29,1.06,-3.2,3.1,9.3,-5.1,0.94,7.56
2020-03-30,1.6,-0.4,4.1,8.6,-0.3,0.22,5.22
2020-03-31,7.46,-0.4,3.3,7.1,0.9,0.08,4.25
2020-04-01,7.64,-2,2.6,7.2,-1.7,0.26,3.48
2020-04-02,0,-6,-1.3,3.4,-8,0.72,4.48
2020-04-03,0,-8.1,-1.9,4.3,-10,0.51,5.66
2020-04-04,0,-7.2,0,7.3,-10,0.83,7.56
2020-04-05,0.51,-5.1,2.4,9.9,-4.9,0.47,8.89
2020-04-06,4.14,0.6,6.4,12.3,1.6,0.08,8.2
2020-04-07,4.42,0.4,6.5,12.6,2.4,0.07,6.81
2020-04-08,0,-0.3,7.2,14.8,0.4,0.41,10.37
2020-04-09,0,0.4,9.2,18.1,-2.5,0.96,16.22
2020-04-10,0,1,10.1,19.2,-2,1.78,17.25
2020-04-11,0,2.2,9.9,17.5,-1.3,1.58,14.51
2020-04-12,0,-1,5.7,12.4,-4.8,2.85,9.79
2020-04-13,0,-5.8,0.8,7.4,-12.2,0.97,8.4
2020-04-14,0,-7,-0.1,6.7,-13.7,1.01,7.98
2020-04-15,0.13,-4.2,2.9,10,-9.6,2.14,9.5
2020-04-16,7.53,-0.4,4.9,10.1,-1.5,0.67,7.24
2020-04-17,1.34,-3.5,2.3,8,-6.4,0.84,7.3
2020-04-18,1.05,-4.6,4.5,13.6,-7.3,1.09,12.1
2020-04-19,0,-1.9,7.2,16.3,-6.9,1.63,15.33
2020-04-20,0,1.9,9.2,16.5,-2.7,2.22,13.96
2020-04-21,0,0.9,9.3,17.6,-2.7,1.53,15.61
2020-04-22,0,2.3,10.4,18.5,-2.7,2.42,16.95
2020-04-23,2.63,2.4,9.2,16,0.2,0.27,13.64
2020-04-24,4.84,1.5,6.3,11.2,1.3,0.49,6.82
2020-04-25,0,0.4,6.9,13.5,-0.8,0.9,9.79
2020-04-26,0,1.7,9.6,17.6,1.7,1.08,13.62
2020-04-27,0.01,5.9,12,18.2,-1.4,1.65,16.08
2020-04-28,0,5.4,10.6,15.9,1.9,1.82,11.03
2020-04-29,0,3.6,11.7,19.8,0.6,1.36,17.17
2020-04-30,0,6.1,15.9,25.6,3.7,2.94,25.13
2020-05-01,4.36,4.2,12.4,20.6,4.7,0.86,16.06
2020-05-02,0.01,2.8,9.9,17,-1.5,1.52,14.15
2020-05-03,1.04,2.3,11.9,21.4,-1.6,1.71,20.49
2020-05-04,0.03,0.3,6.6,12.9,-6,1.77,11.31
2020-05-05,0,-0.9,7.5,15.8,-7.2,2.18,14.81
2020-05-06,0,2,12.3,22.6,-6.2,3.37,23.8
2020-05-07,0,-1.1,7,15,-7.3,2.62,12.8
2020-05-08,0,-2.7,6.6,15.9,-7,1.59,14.62
2020-05-09,0.03,0.4,10.4,20.4,-4.5,2.25,19.8
2020-05-10,0,1.4,12.2,23,-4.1,2.49,24.03
2020-05-11,0,4.7,15.5,26.2,-1.7,3.69,29.25
2020-05-12,0.14,8.2,15.9,23.6,-1.3,4.77,23.34
2020-05-13,0,1.7,8.9,16.1,-0.3,0.88,12.95
2020-05-14,0.55,1.6,6.6,11.6,1.1,0.91,7.15
2020-05-15,4.13,2.3,7.2,12.1,3.5,0.19,6.75
2020-05-16,0.01,0.7,7.2,13.6,0,0.4,10.15
2020-05-17,0,0.2,8.8,17.4,-0.9,1.24,14.2
2020-05-18,0,10.6,16.6,22.7,3.2,3.96,20.58
2020-05-19,7.82,4.8,11.1,17.3,5.4,0.33,10.52
2020-05-20,12.25,2.8,5.9,9.1,5.3,0.04,2.17
2020-05-21,10.13,1.4,4,6.6,3.8,0.02,1.36
2020-05-22,2.73,0.7,6.1,11.6,2.5,0.03,6.9
2020-05-23,1.73,0.7,5.6,10.6,0.2,0.12,7.39
2020-05-24,0,-0.2,7.3,14.8,-0.7,0.6,11.22
2020-05-25,0.01,0.7,9.3,17.8,0.5,0.81,14.74
2020-05-26,0,3.8,12.8,21.8,4.1,1.14,18.52
2020-05-27,0,8.9,14.9,20.9,8,1.09,14.1
2020-05-28,0,7.8,16.3,24.8,1.5,2.28,25.9
2020-05-29,0,7.5,18.3,29.2,5.6,2.76,31.95
2020-05-30,0,12.9,22.6,32.3,6.7,4.69,39.53
2020-05-31,0.47,12.4,21.5,30.7,6.2,4.76,36.1
2020-06-01,0.63,8.1,14.7,21.4,4.2,2.12,17.42
2020-06-02,0,9.6,15.6,21.6,5.9,2.43,16.23
2020-06-03,0,7.2,16,24.7,4.7,1.67,23.05
2020-06-04,0,10.7,18.1,25.6,4.7,4.7,24.37
2020-06-05,0,9.6,16.5,23.5,1.7,4.5,22.19
2020-06-06,0,10.1,20.3,30.5,3.7,5.12,36.97
2020-06-07,4.16,2.4,9.8,17.1,6.1,0.14,10.1
2020-06-08,5.99,1,5.1,9.2,0.9,0.19,5.63
2020-06-09,1.63,1.4,7.1,12.9,-0.6,0.33,9.49
2020-06-10,0.27,1.6,9.9,18.1,3.3,1.13,12.61
2020-06-11,0,6,15.1,24.3,2.9,1.61,23.58
2020-06-12,0,8.3,18.7,29.1,2.7,5.01,33.39
2020-06-13,0,10.6,19.7,28.7,1.5,4.84,33.54
2020-06-14,2.36,4.8,9.8,14.7,4.7,0.6,8.89
2020-06-15,0,3,9.2,15.4,1.2,0.79,11.33
2020-06-16,0.67,3.5,10.8,18.2,3.9,0.39,13.91
2020-06-17,0.03,5.1,9.8,14.5,4.9,0.37,7.59
2020-06-18,1.42,3.7,9.1,14.6,3.4,0.52,8.27
2020-06-19,0,2.1,11.3,20.6,3.7,0.87,17.06
2020-06-20,0,4.2,13.6,23,3.4,1.52,21.39
2020-06-21,0,7.3,17,26.6,5.7,3.26,26.37
2020-06-22,0,9.8,16.7,23.7,6,3.52,19.65
2020-06-23,0,7.6,17.2,26.9,5.7,2.77,26.15
2020-06-24,0,9.3,19.7,30.2,7.2,4,33.04
2020-06-25,0.51,11.4,22,32.6,8.1,2.86,40.69
2020-06-26,0,12.5,19.7,27,7.7,3.98,26.14
2020-06-27,0,10.3,19.7,29.2,6.5,3.9,31.23
2020-06-28,0,10.7,18.6,26.5,5.6,5.24,23.98
2020-06-29,0.39,3.2,10.1,16.9,0.5,0.47,13.44
2020-06-30,6.75,3.1,7.1,11.2,5.2,0.1,3.76
2020-07-01,1.64,3.2,10.7,18.3,5.3,0.06,12.45
2020-07-02,0,5,12.4,19.8,0.3,1.46,17.55
2020-07-03,0.69,5.1,14.8,24.5,-0.2,2.75,24.31
2020-07-04,0,8.1,18.7,29.3,3.8,3.32,33.93
2020-07-05,0,9.6,18.9,28.2,3.4,3.8,29.37
2020-07-06,0,9.9,18.8,27.6,2.2,4.79,28.86
2020-07-07,0,9.1,19.7,30.4,1.8,4.45,36.23
2020-07-08,0,8.4,15.8,23.2,1.3,4.05,22.33
2020-07-09,0,7.8,16,24.3,2,3.41,22.56
2020-07-10,0,6.8,18.1,29.4,2,2.85,33.4
2020-07-11,0,10.9,18.8,26.7,1.1,5.32,28.35
2020-07-12,0,10.4,22.1,33.8,1.2,6.36,45.94
2020-07-13,0,11.9,19.9,28,1.8,6.12,30.88
2020-07-14,0,8.6,16.7,24.9,-2.5,5.22,26.66
2020-07-15,0,8,16.9,25.8,-1.2,5.31,27.68
2020-07-16,0,8.3,18.2,28.1,0,5.38,32.4
2020-07-17,0,9.4,20.1,30.8,3,5.26,36
2020-07-18,0,12.5,21.8,31.2,3.6,6.55,36.87
2020-07-19,0,11.8,20.3,28.9,0.5,6.66,34.32
2020-07-20,0,11.2,20.5,29.9,2.8,6.35,34.57
2020-07-21,0,12.6,21.6,30.6,3.5,6.71,36.03
2020-07-22,0,13.4,23.1,32.8,4.1,6.98,41.29
2020-07-23,0,13.7,21.6,29.5,8.9,3.92,29.8
2020-07-24,3.31,10.1,20,29.9,9.7,0.94,30.1
2020-07-25,0.69,9,18.6,28.3,7.3,0.68,29.18
2020-07-26,0,11.1,20,28.9,3.6,4.67,30.48
2020-07-27,0.69,8.7,20.3,31.9,2.5,5.58,38.28
2020-07-28,0,12.2,22.7,33.3,4.7,6.34,40.15
2020-07-29,1.12,13.2,21.6,30,9.1,3.19,28.46
2020-07-30,0,11,21.9,32.8,6.9,1.8,38.51
2020-07-31,0,14.1,25.3,36.5,4.9,6.36,49.71
2020-08-01,0,17.5,27.7,37.9,4.5,11.84,57.87
2020-08-02,0,15.3,25.5,35.8,4.6,9.55,50.92
2020-08-03,0,14.8,25.6,36.3,4.5,8.43,52.31
2020-08-04,0,14,22.6,31.2,3.7,7.93,37.08
2020-08-05,0,11,20.8,30.6,2.4,5.16,37.47
2020-08-06,0,11.1,23.1,35.1,3.1,5.87,49.74
2020-08-07,0,13.2,21.9,30.6,5.8,6.09,34.32
2020-08-08,0,9.4,17.9,26.4,-0.3,4.68,28.46
2020-08-09,0,8.8,18.7,28.7,0.3,5.5,33.27
2020-08-10,0,11.3,19.8,28.3,4,5.59,30.81
2020-08-11,0,9.9,19.4,29,2.9,4.49,32.61
2020-08-12,0,10.3,21.1,31.9,2.5,5.23,40.22
2020-08-13,0,12.4,19.9,27.4,2.7,7.45,28.18
2020-08-14,0,10.3,19.1,27.9,0.8,6.34,30
2020-08-15,0,9.8,19.1,28.4,-1.1,5.96,33.01
2020-08-16,0,8.1,20.6,33,-0.2,7.59,44.72
2020-08-17,0,14.3,24.6,34.9,3.7,9.75,49.13
2020-08-18,0,16.3,26.4,36.5,7.2,8.45,51.06
2020-08-19,0,16.7,25.9,35.1,8.2,6.69,46.36
2020-08-20,1.03,15.7,24.1,32.6,8.6,6.91,38.27
2020-08-21,0,13.9,21.6,29.3,3,6.45,34.46
2020-08-22,0,12.4,22.6,32.8,-0.7,8.34,44.21
2020-08-23,0,12.5,21.4,30.3,4.2,7.04,34.97
2020-08-24,0,12.5,23.1,33.6,2,6.45,45.93
2020-08-25,0,14.4,22.5,30.5,4.8,6.32,35.23
2020-08-26,0.53,12.7,21,29.2,9.4,2.24,29.3
2020-08-27,0.81,10.9,21.2,31.5,8.8,1.84,35.15
2020-08-28,0,12,19.7,27.5,7.9,2.49,26.76
2020-08-29,0,10.4,20,29.7,4.6,3.61,33.04
2020-08-30,0,11,20.7,30.5,-0.4,6.05,37.28
2020-08-31,0,8.4,15.5,22.6,-5,6.58,22.92
2020-09-01,0,5.1,11.8,18.6,-0.6,2.48,14.32
2020-09-02,0,3.8,14.7,25.5,3.8,1.76,23.92
2020-09-03,0,10.2,20.4,30.6,1,4.67,38.4
2020-09-04,0,12.5,22.3,32.2,1.6,8.27,41.42
2020-09-05,0,11,23,34.9,0.4,6.29,50.79
2020-09-06,0,13.4,24.6,35.9,-0.1,9.13,53.1
2020-09-07,0,12.6,22.1,31.5,-5.4,9.24,42.72
2020-09-08,0,3.8,15.3,26.9,-2.4,4.06,27.79
2020-09-09,0,-0.3,8.5,17.2,-9.9,2.47,17.11
2020-09-10,0,0.7,11.5,22.4,-8.7,3.34,24
2020-09-11,0,3.8,14.3,24.8,-5.8,4.48,27.18
2020-09-12,0,8.3,18.3,28.3,-5,6.78,34.47
2020-09-13,0,7.6,17.3,27,-4.4,6.07,31.11
2020-09-14,0,6.2,19.1,31.9,-5.6,7.52,43.42
2020-09-15,0,10.5,20.9,31.3,-5.8,9.09,42
2020-09-16,0,10,19.5,28.9,-3.9,8.11,35.38
2020-09-17,0,9.8,19.9,30,-2.5,7.01,37.24
2020-09-18,0,10.6,21.5,32.4,-2.6,7.63,43.76
2020-09-19,4.19,9.4,17.7,25.9,5,0.79,26.42
2020-09-20,0,5.4,12,18.7,4.5,0.98,13.74
2020-09-21,0,4.8,13.2,21.5,1.6,1.75,18.8
2020-09-22,0,5.7,16.4,27,-2.1,2.78,30.94
2020-09-23,0,9.1,16.9,24.7,-0.7,5.96,25.41
2020-09-24,0,9.7,17.5,25.2,-1.3,5.95,26.49
2020-09-25,0,7.1,14.3,21.5,2.1,3.24,17.78
2020-09-26,3.33,6,12.9,19.8,4.6,0.61,16.15
2020-09-27,0,6.4,10.5,14.6,2.7,1,9.72
2020-09-28,0,2.4,9.9,17.4,-0.5,1.33,14.17
2020-09-29,0,2.1,11.7,21.3,-0.5,1.87,19.14
2020-09-30,0,4.1,14.7,25.4,-1,2.71,26.38
2020-10-01,0,4.8,15.8,26.7,-0.6,2.83,29.32
2020-10-02,0,6.4,16.5,26.7,-1.3,4.24,29.02
2020-10-03,0,7.6,17,26.4,-1.2,5.12,29.27
2020-10-04,0,5.7,15.5,25.3,-1.4,3.64,26.62
2020-10-05,0,6.7,17.1,27.4,-2.9,4.74,32
2020-10-06,0,6.9,15.8,24.7,-2.2,5.34,25.83
2020-10-07,0,5.6,15.3,25,-1.6,4.15,26.31
2020-10-08,0,5.5,16,26.5,-3.8,3.98,30.13
2020-10-09,0,5.5,15,24.5,-6.8,4.87,27.33
2020-10-10,0,5.9,14.9,23.9,-6.7,5.75,26.11
2020-10-11,20.82,2.4,10.3,18.3,0.5,0.34,16.45
2020-10-12,1.27,1.6,5.4,9.2,0.6,0.56,5.74
2020-10-13,0,2.3,8.8,15.3,2.5,0.53,9.86
2020-10-14,2.62,4.1,10.4,16.6,4.4,1.07,9.74
2020-10-15,0,1.3,6,10.6,-3.7,1.76,8.32
2020-10-16,0,-0.9,4.8,10.5,-4.1,1.01,8.41
2020-10-17,0,2.2,9.4,16.6,-1,2.66,13.09
2020-10-18,0,5.3,10.4,15.6,-0.5,2.7,12.19
2020-10-19,0,5,10.6,16.1,2.1,1.69,10.67
2020-10-20,0,5.1,10.1,15,0.8,1.38,10.97
2020-10-21,0,5.4,9.6,13.8,1.7,1.65,9.25
2020-10-22,0,-1,5.5,12.1,-3.4,2,8.53
2020-10-23,0,-5.7,0.7,7.2,-10.7,0.96,7.62
2020-10-24,0,-5.6,2.1,9.9,-11.4,1.15,10.13
2020-10-25,1.43,-6.7,1.3,9.4,-3.6,0.21,6.85
2020-10-26,0,-9.8,-4.4,1,-14.2,0.64,4.56
2020-10-27,0,-11.3,-2.8,5.7,-16.1,0.91,7.86
2020-10-28,0,-5.9,2.9,11.7,-6.5,0.7,9.22
2020-10-29,0,0.7,8,15.4,-3.5,2.24,12.41
2020-10-30,0,2,10.1,18.1,-4.2,2.09,16.16
2020-10-31,0,0.5,9.6,18.7,-5.9,2.32,18.37
2020-11-01,0,-1,6.2,13.5,-5.2,1.68,11.32
2020-11-02,0,-2,8.1,18.2,-6.2,1.77,16.97
2020-11-03,0,2,11.4,20.7,-6,3.56,20.4
2020-11-04,0,1.9,11.6,21.3,-6.7,3.48,21.64
2020-11-05,0,2.8,10.3,17.9,-3.3,2.84,15.16
2020-11-06,0,2.9,11.5,20.2,-3.5,2.79,18.29
2020-11-07,0,3.9,9.9,15.9,-2.5,2.72,13.03
2020-11-08,2.74,-3.3,2.6,8.5,-0.2,0.05,4.22
2020-11-09,0.72,-5.7,-3.5,-1.3,-4.7,0.18,0.9
2020-11-10,0,-8.7,-5.8,-2.9,-7,0.19,0.98
2020-11-11,5.94,-6.8,-3.3,0.3,-4.1,0.05,1.49
2020-11-12,1.87,-10.2,-5.2,-0.2,-6.8,0.24,1.7
2020-11-13,0,-12.4,-6,0.3,-9.6,0.29,2.96
2020-11-14,30.86,-4.7,-1.8,1.2,-3.1,0.1,1.94
2020-11-15,11.45,-4.1,-1.4,1.4,-4.2,0.03,2.12
2020-11-16,18.21,-2.6,0.1,2.9,0,0.03,0.68
2020-11-17,1.14,0.9,4.4,7.9,2,0.18,2.73
2020-11-18,5.22,2.3,5.7,9.1,0.2,0.42,5.98
2020-11-19,18.69,-0.7,2.8,6.3,2.3,0.03,1.48
2020-11-20,2.78,-6.5,-1.3,3.8,-3.1,0.16,2.62
2020-11-21,0,-9.7,-3.6,2.6,-7.6,0.28,3.16
2020-11-22,0,-10.6,-4.7,1.1,-8.9,0.24,2.54
2020-11-23,0,-10.2,-3.1,4.1,-11,0.65,5.71
2020-11-24,0,-6.9,-2.7,1.5,-7,0.38,2.8
2020-11-25,0,-8.1,-2.8,2.4,-5.9,0.17,2.86
2020-11-26,2.55,-7.2,-3.4,0.4,-5.1,0.17,1.73
2020-11-27,0,-9.5,-4.4,0.8,-7.2,0.24,2.71
2020-11-28,0,-11,-5.1,0.7,-7.9,0.03,2.15
2020-11-29,0,-11.7,-5,1.7,-8.2,0.13,3.16
2020-11-30,0,-11.2,-3.6,4.1,-8.9,0.19,4.36
2020-12-01,0,-7,-1.5,3.9,-8.2,0.71,4.71
2020-12-02,0,-9.5,-3.9,1.6,-8.8,0.14,3.88
2020-12-03,0,-10.1,-4.6,0.9,-11.1,0.5,3.8
2020-12-04,0,-9.7,-3.1,3.4,-13.3,0.78,5.21
2020-12-05,0,-10.7,-3.9,2.8,-11.7,0.57,4.66
2020-12-06,0,-8.7,-1,6.7,-9.7,0.67,6.47
2020-12-07,0,-6.3,-1.1,4.1,-9.4,0.99,5.34
2020-12-08,0,-7.7,-0.9,5.9,-8.5,0.57,6.11
2020-12-09,0,-6.5,-0.2,6.2,-8.9,0.9,6
2020-12-10,0,-7,-0.9,5.1,-8.8,0.67,5.95
2020-12-11,0,-10,-3.9,2.1,-8.5,0.11,3.49
2020-12-12,0,-11.2,-6.7,-2.2,-9.2,0.23,1.77
2020-12-13,0,-12.8,-7,-1.3,-13.1,0.29,3.24
2020-12-14,3.4,-10.9,-7.3,-3.7,-8.8,0.17,1.91
2020-12-15,0.21,-12.6,-6.7,-0.8,-7.1,0.07,1.61
2020-12-16,3.31,-9.9,-5.4,-0.8,-5.4,0.13,1.19
2020-12-17,3.06,-3.1,0.1,3.2,-1.8,0.07,1.9
2020-12-18,5.59,-3,-0.5,2,-2.2,0.07,1.02
2020-12-19,0.04,-6.1,-2.2,1.8,-4.6,0.16,2.12
2020-12-20,0.62,-6.1,-1.4,3.4,-3.2,0.04,2.54
2020-12-21,6.3,-1.1,1.8,4.8,1.7,0.03,1.1
2020-12-22,0.42,1,5.3,9.7,1.5,0.21,4.55
2020-12-23,0.09,-8.8,-2.7,3.4,-8.6,0.32,2.8
2020-12-24,0,-11.9,-7.3,-2.8,-13.1,0.43,2.67
2020-12-25,0.02,-12.4,-5.6,1.1,-12.2,0.43,4.09
2020-12-26,1.63,-7.6,-2.4,2.8,-8.1,0.2,4.75
2020-12-27,9.78,-5.8,-1.6,2.7,-2.5,0.06,1.4
2020-12-28,0,-10.7,-5.5,-0.3,-8.5,0.2,2.05
2020-12-29,0,-12.6,-6,0.6,-10.7,0.34,3.09
2020-12-30,0,-9.8,-5.3,-0.8,-11.4,0.47,2.71
2020-12-31,1.51,-9.6,-4.9,-0.2,-6.9,0.14,2.73
2021-01-01,0.62,-8.2,-4,0.1,-4.5,0.08,1.25
2021-01-02,0,-7.7,-4.2,-1.1,-5.2,0.1,1.39
2021-01-03,2.47,-3.8,-0.7,2.6,-3.5,0.09,2.35
2021-01-04,6.14,-3.5,0,3.6,-2.5,0.13,1.99
2021-01-05,21.13,-4,-1.3,1.5,-1.7,0.04,1.75
2021-01-06,0,-7.3,-2.8,1.8,-6.6,0.29,2.95
2021-01-07,0.95,-7.4,-2.6,2.3,-6.7,0.33,3.39
2021-01-08,2.73,-6.3,-1.8,2.6,-3.7,0.08,1.92
2021-01-09,0,-6.6,-2.9,0.9,-4.9,0.08,2.1
2021-01-10,0,-8.4,-4.8,-1.3,-6.5,0.12,1.46
2021-01-11,0,-10.6,-7.1,-3.7,-8.4,0.23,1.13
2021-01-12,0.34,-11.1,-5.4,0,-7.6,0.21,2.42
2021-01-13,19.33,-6.5,-2.7,0.8,-2.4,0.03,1.63
2021-01-14,7.22,-3.5,0.5,4.7,-6.5,0.21,4.83
2021-01-15,0,-7.7,-2.6,1.9,-10.3,0.87,4.48
2021-01-16,0,-6.9,-1.5,3.4,-5.1,0.1,4.13
2021-01-17,0,-6,-1.9,1.9,-6.3,0.22,2.74
2021-01-18,0,-4.9,-0.3,4.1,-4.8,0.81,3.4
2021-01-19,0,-9,-3.3,2.3,-9.5,0.44,4.07
2021-01-20,0,-11.5,-4.9,1.3,-13.1,0.5,4.81
2021-01-21,0,-12,-4.6,2.7,-12.7,0.58,5.18
2021-01-22,1.78,-4.6,-1.2,2,-4.1,0.08,2.79
2021-01-23,0,-5.4,-1.2,2.7,-3.2,0.06,2.08
2021-01-24,0,-11.1,-4.9,1,-9.1,0.25,3.38
2021-01-25,0,-12.5,-8.1,-4.1,-11.6,0.23,1.78
2021-01-26,0,-10.3,-5.9,-1.5,-11.3,0.31,2.77
2021-01-27,0,-11.4,-6.8,-2.2,-10.1,0.25,2.33
2021-01-28,6.25,-6.1,-3.7,-1.3,-4.9,0.1,1.31
2021-01-29,5.51,-2,0.1,2.1,-1.9,0.14,1.86
2021-01-30,6.58,-2.2,0.2,2.6,-1.5,0.11,1.39
2021-01-31,0,-6.4,-1.4,3.7,-5.5,0.36,3.55
2021-02-01,0,-6.7,-2.1,2.7,-5.7,0.5,2.81
2021-02-02,0,-1.3,1.8,5.3,-4.7,1.43,4.27
2021-02-03,1.71,-2.8,1.6,6.3,-2.5,0.11,4.43
2021-02-04,0.82,-7.1,-3.2,0.7,-5.8,0.2,2.08
2021-02-05,0,-8.3,-4.4,-0.4,-6.7,0.2,2.36
2021-02-06,1.48,-2.8,0,2.8,-4,0.3,2.77
2021-02-07,0,-4.5,-0.1,4.2,-5.9,0.36,4.53
2021-02-08,0,-6,-1.7,2.3,-9.4,0.85,4.08
2021-02-09,0,-8.8,-4.1,0.5,-11.4,0.6,3.71
2021-02-10,0,-7.8,-2.3,3.4,-13.5,1.34,5.51
2021-02-11,0,-10.2,-3.9,2.5,-12.2,0.83,4.48
2021-02-12,7.25,-6.8,-2.6,1.3,-3.9,0.07,2.14
2021-02-13,7.64,-3.4,-1.9,-0.3,-3.3,0.1,0.88
2021-02-14,4.61,-6.5,-2.9,0.8,-5.3,0.14,1.08
2021-02-15,4.56,-11.8,-6.1,-0.5,-6.3,0.11,1.82
2021-02-16,12.26,-5,-1.2,2.8,-2.6,0.05,1.6
2021-02-17,2.39,-4.3,-2.4,-0.4,-4.8,0.35,1.42
2021-02-18,0.03,-11.2,-5.9,-0.6,-8.3,0.27,2.14
2021-02-19,5.25,-13.4,-7,-0.6,-9.4,0.11,3.1
2021-02-20,5.3,-5.1,-1.3,2.6,-2.6,0.08,1.73
2021-02-21,1.38,-7,-3.3,0.4,-6.6,0.21,2.3
2021-02-22,0,-8.4,-4,0.3,-5.1,0.05,2.3
2021-02-23,0,-4.5,1.1,6.4,-1.5,0.09,3.74
2021-02-24,0,-7.5,-2.2,3.4,-9.9,0.45,4.5
2021-02-25,0,-10.5,-4.5,1.7,-10.3,0.31,4.15
2021-02-26,0.7,-13.1,-7.4,-1.6,-10.3,0.15,2.77
2021-02-27,6.9,-7.4,-4.3,-1.2,-7.2,0.26,1.51
2021-02-28,2.43,-12.2,-6.6,-1,-10.5,0.24,2.51
2021-03-01,0,-14.5,-7.3,-0.8,-9.5,0.22,2.46
2021-03-02,0,-11.6,-3.8,3.1,-7.3,0.16,3.72
2021-03-03,0,-8.5,0,7.2,-6.8,0.23,6.28
2021-03-04,0,-6.6,1.5,9.6,-8.1,0.81,8.19
2021-03-05,0,-4.1,3,10,-7.6,1.02,8.52
2021-03-06,0,-4.1,2.7,9.1,-5.2,1.89,7.51
2021-03-07,0.38,-2.8,2.6,8.2,-3,0.33,6.54
2021-03-08,0,-5.6,0.8,6.4,-4.8,0.45,5.1
2021-03-09,0,-3.9,1.6,7,-3.2,0.17,5.1
2021-03-10,0,-7.2,-0.8,5.5,-8.7,0.37,5.88
2021-03-11,0,-10.1,-1.8,5.6,-11.3,0.44,6.57
2021-03-12,0,-9,-0.2,7.7,-12.8,0.87,8.46
2021-03-13,0,-9.2,-0.8,6.4,-12.1,0.92,6.87
2021-03-14,0,-9.1,0.4,8.4,-10,0.75,7.63
2021-03-15,0,-5.2,4,11.8,-6.9,1.22,9.7
2021-03-16,0,-1.9,4.7,11,-4.5,1.07,8.18
2021-03-17,0,-1.8,4,9.8,-2.6,0.6,6.64
2021-03-18,0,-4.5,2.7,9.3,-3,0.2,6.35
2021-03-19,2.91,-1.1,5.8,11.9,-2.4,0.85,8.87
2021-03-20,7.95,0.5,4.9,9.4,2.5,0.04,3.77
2021-03-21,2.13,-2.3,1.2,5.3,-4.4,0.38,4.2
2021-03-22,0,-5.9,-0.2,5.3,-6.9,0.43,5.25
2021-03-23,1.2,-2.6,0.5,3.8,-3.1,0.24,2.99
2021-03-24,0,-5.8,0.9,7.2,-7.1,0.5,6.93
2021-03-25,1.86,-6.6,-1.1,4,-6.3,0.11,5.06
2021-03-26,1.2,-2,1.3,4.7,-2.4,0.11,3.31
2021-03-27,0.99,-5.3,1.3,7.2,-5.4,0.32,6.23
2021-03-28,0,-3.1,4.4,11.7,-3.8,0.86,8.88
2021-03-29,0,-1.5,7.7,17.6,-5.9,0.8,16.47
2021-03-30,0,-7.9,-1,5.7,-12.7,0.85,7.27
2021-03-31,0,-9.3,-2.5,4.2,-11.6,0.58,5.6
2021-04-01,0.4,-7.4,1.3,9.6,-11,1.17,9.37
2021-04-02,1.98,-1.2,7.7,16.2,-8.3,2.34,15.47
2021-04-03,0,2.6,11.2,19.2,-5.7,3.45,18.5
2021-04-04,0,3,12.3,20.9,-8,3.36,22.48
2021-04-05,0,4.4,11.9,19,-6,3.45,18.49
2021-04-06,0,-0.5,3.5,7.4,-4.7,0.94,6.69
2021-04-07,0,-2.5,5.3,12.6,-5.6,1,10.92
2021-04-08,0,-1,8.4,17.2,-5.8,1.54,16.55
2021-04-09,0,-4.2,2.1,8.1,-9.9,1.92,7.87
2021-04-10,0,-6.1,3.8,13.1,-11.4,1.55,13.3
2021-04-11,0,-3.3,4,11.2,-9.4,1.76,10.19
2021-04-12,0,-6.5,0.7,7.4,-12,1.38,7.85
2021-04-13,0,-6.4,1.9,9.7,-10.7,1.25,9.51
2021-04-14,0,-3.2,3.9,10.5,-12,2,10.25
2021-04-15,0,-0.8,3.4,7.4,-6.2,0.83,6.91
2021-04-16,0,-2,4.4,10.6,-3.2,0.37,8.36
2021-04-17,0,-2.4,5,12.1,-6.4,0.88,10.55
2021-04-18,0,-2.2,6.5,14.7,-7.6,1.65,13.67
2021-04-19,0,0.7,9.6,18.1,-6.5,2.38,17.41
2021-04-20,0,-1.5,6.8,14.8,-6,1.72,13.75
2021-04-21,0,-5.2,4,12.9,-9.4,1.16,11.85
2021-04-22,0,-2.3,6.4,14.6,-9.6,1.94,13.87
2021-04-23,0,-0.4,7.6,15.1,-6,2.03,13.61
2021-04-24,0,0.4,7.9,14.8,-5.3,1.68,13.14
2021-04-25,5.52,3,7.2,11.1,1.7,0.24,7.28
2021-04-26,0.99,1.5,4.4,7.1,0.5,0.12,4.31
2021-04-27,7.23,-0.5,3.6,7.7,0.9,0.05,4.38
2021-04-28,0.01,-1.4,5.9,13.1,0.2,0.06,8.91
2021-04-29,0,1.5,9.9,17.7,-2,1.47,15.42
2021-04-30,0,5.4,14.8,23.7,-0.6,2.95,24.6
2021-05-01,0,9,18,26.4,-0.9,4.95,29.66
2021-05-02,0,5.4,13.2,20.8,2.3,1.52,17.6
2021-05-03,0,1.9,8.6,15.1,-1.3,0.61,12.05
2021-05-04,0,0.8,8.3,15.5,-2.8,1.03,12.93
2021-05-05,0,1.5,9.5,16.9,-1.6,1.61,14.05
2021-05-06,0,0.9,10.8,20.4,-4.9,1.66,21
2021-05-07,0,7.4,17.7,27.5,-1.1,3.76,32.12
2021-05-08,0,1.6,8.5,15.4,-3.7,2.88,11.95
2021-05-09,0,-1.4,4.7,10.5,-9.1,1.98,9.74
2021-05-10,0,-1.2,6.1,12.9,-6,1.79,11.14
2021-05-11,0,-1.3,6.3,13.5,-4.7,1.14,11.6
2021-05-12,0,-1.2,8,16.9,-4.2,1.19,15.25
2021-05-13,0,1.2,12,22.2,-3.3,2.02,22.59
2021-05-14,0,7.1,15.8,23.8,-1.4,3.92,25.08
2021-05-15,0,7.9,15.3,22.3,1,3.41,21.41
2021-05-16,0,7.6,14.5,21,2.8,2.25,17.81
2021-05-17,0,5.8,15.6,24.9,1.9,1.55,25.8
2021-05-18,0,6.9,16.3,25.2,2.3,2.1,25.51
2021-05-19,0,6.3,13.4,20.1,-1,3.81,17.88
2021-05-20,0,2,9.9,17.5,0.1,1.03,14.53
2021-05-21,0.77,1.3,8,14.5,-2.7,0.92,12.37
2021-05-22,4.65,1.9,6.9,11.9,1.9,0.13,6.6
2021-05-23,7.91,0.8,6.1,11.3,1,0.23,6.91
2021-05-24,0.46,0.2,6.6,12.8,2.3,0.06,7.77
2021-05-25,1.06,3.4,9.9,16.2,3.2,0.41,11.58
2021-05-26,3.36,2.5,9.8,16.8,4.7,0.2,11.4
2021-05-27,0,3.8,10.9,17.9,2.2,0.43,14.68
2021-05-28,0,3.9,14,23.5,1.3,1.73,23.84
2021-05-29,0,2.8,10.8,18.5,-5.3,2.78,17.99
2021-05-30,0,2,12.5,22.3,-4.4,2.77,23.35
2021-05-31,0,3.3,14,24.3,-2,4.62,25.71
2021-06-01,0,8.9,17.7,26.3,1.2,4.59,27.85
2021-06-02,0,9.3,18.7,27.8,3.6,4.17,29.8
2021-06-03,0,11.7,21.7,31.4,6.7,4.43,36.38
2021-06-04,0,13.3,24,34.5,5.6,5.31,48.41
2021-06-05,0,15.2,23,30.7,6.3,7.5,35.14
2021-06-06,0,9.1,17.7,26.3,0.1,5.34,27.37
2021-06-07,0,4.2,13.7,22.9,-3.8,3.27,23.66
2021-06-08,0,4.1,14.7,25,-0.2,3.08,25.94
2021-06-09,0,9.8,17.2,24.5,0.8,5.35,24.64
2021-06-10,1.2,6.3,15.8,25,1.3,1.43,25.71
2021-06-11,10.1,1.3,6.8,12.2,2.3,0.04,7.12
2021-06-12,0,1.7,10.6,19.7,-0.8,0.89,18.04
2021-06-13,0,9.2,17.3,25.6,5,2.95,24.23
2021-06-14,0,12.3,23.6,34.8,1.6,5.31,50.89
2021-06-15,0,13.6,23.4,32.9,5.2,6.42,41.94
2021-06-16,0,9.9,19.1,27.9,3.5,4.93,30.38
2021-06-17,0,8,17.3,26.5,-0.6,4.04,29.24
2021-06-18,0,9.9,19.8,29.3,-0.1,6.24,34.42
2021-06-19,0,10.6,21.5,32.2,1.1,6.37,41.44
2021-06-20,0,12.4,21.7,30.7,2.2,7.02,37.08
2021-06-21,0,11.3,19.8,28,5.1,4.23,29.18
2021-06-22,0,12.1,21.5,31.2,5,3.79,36.79
2021-06-23,0,14,24.2,34.3,7,3.88,45.54
2021-06-24,0,11.2,20.5,29.7,5.4,2.75,33.35
2021-06-25,0,11.3,20.8,30,4.8,3.91,34.95
2021-06-26,0,11.9,20.8,29.5,7,4.19,32.1
2021-06-27,0,13.2,22.2,30.9,8,4.14,34.42
2021-06-28,0,14,23.6,33,7.1,4.7,41.25
2021-06-29,0,15.6,24.9,34.3,7,6.49,44.35
2021-06-30,0,16.3,25.9,35.5,6.4,7.65,49.84
2021-07-01,0,16.4,25.4,34.4,5.5,7.61,46.47
2021-07-02,0,14.2,23.7,33.2,7.3,4.72,41.31
2021-07-03,0,14.5,24.6,34.8,7,5.05,46.61
2021-07-04,0,14.8,25,35.1,8.1,4.88,46.73
2021-07-05,0,14.7,24,33.4,8.9,3.98,41.61
2021-07-06,0,15.6,24.5,33.5,6.8,4.6,42.59
2021-07-07,0,14.4,25.4,36.4,4.6,7.13,53.08
2021-07-08,0,14.8,24.5,34.2,3.4,8.38,45
2021-07-09,0,14,24,33.9,0.3,8.93,47.43
2021-07-10,0,13.4,22.5,31.7,-1.6,9.09,41.77
2021-07-11,0,13,24.5,35.9,1.6,7.72,52.83
2021-07-12,0,15.4,25,34.7,2.7,8.55,47.09
2021-07-13,0,14.3,25.3,36.3,1.8,8.71,53.82
2021-07-14,0,14.7,23.6,32.5,1.4,8.75,43.77
2021-07-15,0,14,23.6,33.2,2,7.22,43.85
2021-07-16,0,12.1,23,33.9,1.8,8.72,45.59
2021-07-17,0,13.1,23.1,33.2,0.3,7.35,44.98
2021-07-18,0,12.2,23.7,35.2,1.2,7.17,51.68
2021-07-19,0,15.7,25.9,36.2,3.5,9.16,52.73
2021-07-20,0.02,14.7,21.9,29.1,11.3,1.43,28.03
2021-07-21,0.41,14.2,21.9,29.5,11.5,1.22,28.66
2021-07-22,0,14,23.2,32.5,7.4,4.11,38.96
2021-07-23,0,15,23.3,31.7,1.7,8.77,40.14
2021-07-24,0,13,22.2,31.4,-0.6,8.09,39.27
2021-07-25,0,12,22.4,32.9,0.6,8.02,43.57
2021-07-26,0,13.9,24.2,34.6,1.8,8.26,48.22
2021-07-27,0,15.1,26.3,37.5,3.3,9.01,58.17
2021-07-28,0,16.3,24.5,32.8,8.1,7.24,39.28
2021-07-29,0,16.8,24.8,32.8,9.5,4.66,38.34
2021-07-30,0,15.2,24.9,34.6,8.4,4.02,46.33
2021-07-31,2.6,15.8,25.1,34.4,10.8,3.8,43.27
2021-08-01,9.79,14.8,22.2,29.7,14.3,0.39,25.92
2021-08-02,3.45,14.2,19.8,25.4,16.1,0.06,14.43
2021-08-03,0.37,13.6,21.3,28.9,13.5,0.17,26.79
2021-08-04,0,13.3,22.5,31.7,9.5,1.63,34.77
2021-08-05,0,13.7,24.6,35.5,6.6,3.78,49.49
2021-08-06,0,14.9,24.6,34.3,6.5,5.78,45.06
2021-08-07,0,11.5,17.3,23.2,8.3,1.73,17.74
2021-08-08,0,10.5,20.1,29.7,6.3,1.63,33.24
2021-08-09,0,10.8,18.7,26.6,2.9,4.96,24.8
2021-08-10,0,7.8,16.5,25.2,0.6,4.21,25.46
2021-08-11,0,8.6,18.8,29.1,0.9,3.98,34.17
2021-08-12,0,13,22.8,32.7,6.4,6.51,39.31
2021-08-13,0,15.2,24.8,34.5,6.9,5.72,44.56
2021-08-14,0,15.3,24.7,34.1,4.6,7.55,44.38
2021-08-15,0,15.6,24.8,34.1,2.3,9.85,46
2021-08-16,0,15.4,25.1,34.8,2.7,9.33,48.49
2021-08-17,0,15.1,24.4,33.6,4.4,7.69,44.22
2021-08-18,0,8.9,16.8,24.8,3.7,4.11,22.06
2021-08-19,0,5.5,13.4,21.3,2.7,1.24,19
2021-08-20,0,4.9,13.5,22.1,4.6,0.53,19.3
2021-08-21,0,5.4,15.3,25.3,4.4,0.79,25.28
2021-08-22,2.15,6.8,14.1,21.4,6.4,0.8,16.57
2021-08-23,0,5.2,14.9,24.6,1.1,0.86,25.17
2021-08-24,0,7.5,16.1,24.7,-3.3,4.35,26.52
2021-08-25,0,8.3,17.5,26.7,-2.6,6.03,30.34
2021-08-26,0,8.8,18,27.2,-2,5.1,31.06
2021-08-27,0,9.5,17.4,25.2,0.5,4.29,26.17
2021-08-28,0,7.7,15.8,23.9,1.9,3.02,23.9
2021-08-29,0,7.2,16.6,26,0.3,3.25,27.45
2021-08-30,0,6.8,18.2,29.6,-1.5,3.33,36.63
2021-08-31,0,10.4,19.6,28.7,-0.7,6.09,33.69
2021-09-01,0,8.2,16.7,25.2,-4.6,6.17,27.76
2021-09-02,0,6.5,15.7,24.9,-6.1,5.41,27.81
2021-09-03,0,4.9,14.8,24.7,-5,4.18,26.61
2021-09-04,0,5.1,15.1,25.2,-7,4.06,28.94
2021-09-05,0,3.8,16.3,28.7,-8.8,4.63,36.59
2021-09-06,0,7.6,19.4,31.2,-6.9,8.64,41.72
2021-09-07,0,9.2,20.1,31,-4.3,6.94,40.56
2021-09-08,0,10.6,21.4,32.1,-1.4,7.69,42.5
2021-09-09,0,11.4,22.9,34.4,-0.6,6.65,49.76
2021-09-10,0,12.8,23.4,34,2,7.14,46.91
2021-09-11,0.85,8.6,18.9,29.1,8.5,0.19,31.32
2021-09-12,0,7.3,15.4,23.4,5,0.55,20.73
2021-09-13,0,5.8,16,26.2,2.8,1.41,26.24
2021-09-14,0,7.2,16,24.8,-1,3.43,25.72
2021-09-15,0,5,15,25,-5.5,3.63,27.95
2021-09-16,0,7.5,17.1,26.8,-2.4,4.95,30.71
2021-09-17,0,2.5,11.9,21.3,-8.3,3.68,22.44
2021-09-18,0,1.1,14.4,27.6,-5.7,3.34,32.44
2021-09-19,4.31,6.8,16.3,25.7,0,0.58,29.3
2021-09-20,11.78,1.4,6.3,11.2,3.6,0.1,5.5
2021-09-21,0,0.3,8,15.6,0,0.15,11.91
2021-09-22,0,0.6,11.1,21.7,-1.9,0.83,21.24
2021-09-23,0,6,15.2,24.5,0.3,2.64,24.85
2021-09-24,0,6,14.1,22.1,2.1,2.05,19.62
2021-09-25,0,5.1,15,25,1.8,1.72,24.96
2021-09-26,0,7.1,17.7,28.2,-0.4,2.89,32.64
2021-09-27,0,7.4,17.1,26.8,-3.2,4.02,30.58
2021-09-28,0,6.4,15.9,25.4,-5.1,3.4,29
2021-09-29,0.29,0.1,6.4,12.7,-0.1,0.54,8.89
2021-09-30,0,-2.2,6.6,15.4,-3.2,0.38,12.82
2021-10-01,0,-0.8,9.3,19.3,-3.2,1.11,18.08
2021-10-02,0,1.2,11.1,20.9,-3.2,2.22,20.47
2021-10-03,0,2.7,12.5,22.4,-2.5,2.75,22.03
2021-10-04,0,2.3,13.3,24.4,-2.9,2.37,25.94
2021-10-05,0,5.2,16,26.7,-6.4,7.53,31.61
2021-10-06,0,5.9,16.1,26.3,-2.6,4.71,30.06
2021-10-07,0,6.7,13.4,20,0.8,1.23,18.34
2021-10-08,1.22,5,11.5,18.1,5.4,0.08,14.09
2021-10-09,9.35,5.7,8.8,11.9,6.9,0.08,3.66
2021-10-10,8.45,1.3,6.9,12.4,2.2,0.4,7.58
2021-10-11,3.84,0.7,7.3,14,1.3,0.11,10.27
2021-10-12,2.58,-2.2,1.9,6.1,-2.6,0.23,4.67
2021-10-13,0,-4.4,1.8,8,-6.3,0.97,8.36
2021-10-14,0,-3.5,0.6,4.7,-4.4,0.7,4.33
2021-10-15,0,-3.6,2.2,7.9,-4.1,0.88,7.18
2021-10-16,0,-2.3,5.7,13.7,-3,0.94,11.72
2021-10-17,0,-0.9,8.5,17.8,-3.4,1.57,16.35
2021-10-18,0,6.8,13.4,20,-4.5,4.17,20.2
2021-10-19,0,2.9,10.2,17.5,-1.4,1.95,14.23
2021-10-20,0,0.8,8.4,16,1.2,1.02,11.97
2021-10-21,0,8.8,12.3,15.7,1,3.43,11.59
2021-10-22,0,2.9,11.3,19.7,2.3,1.68,17.36
2021-10-23,4.16,2.4,9.8,17.3,2.5,0.23,12.8
2021-10-24,2.88,1.4,5.5,9.5,3.1,0.1,5.26
2021-10-25,55.7,3.3,5.2,7,5.1,0.03,1.24
2021-10-26,19.52,0.6,3.7,6.8,3.8,0.03,0.97
2021-10-27,4.22,0.3,3.5,6.7,2.4,0.17,2.68
2021-10-28,0,3.3,7.1,10.9,2.8,0.42,6.2
2021-10-29,0,3.6,10.1,16.5,6.1,0.22,9.59
2021-10-30,0,3.5,10.6,17.8,5.7,0.31,10.8
2021-10-31,0,3,9.4,15.9,5.5,0.27,9.73
2021-11-01,0.31,2,7.5,13,4.7,0.05,5.63
2021-11-02,2.78,1.5,6,10.5,5.1,0.02,3.88
2021-11-03,0,2.4,7.3,12.2,3.2,0.16,6.21
2021-11-04,0,1,7.9,14.8,2.7,0.58,8.78
2021-11-05,1.68,2.7,7.2,11.7,3.5,0.57,5.16
2021-11-06,0,0.5,6.6,12.7,-0.3,0.5,8.68
2021-11-07,0.91,1.4,5.2,8.9,1.4,0.21,4.81
2021-11-08,0,-4.6,0.5,5.5,-5.8,0.69,4.7
2021-11-09,3.72,-7.3,-0.8,5.7,-8,0.59,6.07
2021-11-10,19.91,-0.4,2.1,4.7,0.4,0.07,2.46
2021-11-11,0,-1.9,1.8,5.5,-4.3,0.87,4.93
2021-11-12,2.69,0.3,3.3,6.2,2.6,0.05,1.58
2021-11-13,0,2.9,8.7,14.4,4.7,0.13,7.17
2021-11-14,0,2.6,7.6,12.6,3.3,0.4,6.95
2021-11-15,0,3.4,8.8,14.2,2.9,0.84,7.7
2021-11-16,0,2,7.2,12.4,0.8,1.13,8.14
2021-11-17,0,-6.2,0.4,7,-9.8,1.2,7.35
2021-11-18,0,-9,-3.3,2.4,-12.6,0.91,5.09
2021-11-19,4.6,-2.8,1.2,5.2,-6.7,0.09,6.03
2021-11-20,3.82,-0.8,3.1,7.1,1.6,0.01,2.55
2021-11-21,0,-4.7,0.4,5.5,-3.7,0.18,3.89
2021-11-22,0,-8.2,-1.9,4.4,-6.3,0.06,4.03
2021-11-23,0,-4.8,2,8.8,-7.7,1.03,7.74
2021-11-24,5.39,-4.4,-1.6,1.2,-4.4,0.3,1.99
2021-11-25,0,-8.8,-3.1,2.6,-7.5,0.26,3.68
2021-11-26,0.43,-8.4,-1.6,5.2,-9,0.78,5.58
2021-11-27,0,-2.2,2.4,7.1,-3.4,0.42,5.9
2021-11-28,0,0.2,4.9,9.6,0.3,0.61,5.25
2021-11-29,0,0.6,7.2,13.8,1.8,0.4,7.58
2021-11-30,0,-0.4,5.7,11.7,-1.6,0.84,7.96
2021-12-01,0,-2.5,3.4,9.3,-1.6,0.5,6.53
2021-12-02,0,1.2,6.9,12.6,2.9,0.22,6.05
2021-12-03,0,0.6,6.7,12.9,1.8,0.31,7.41
2021-12-04,0,0.2,5.8,11.5,-1.4,0.7,7.1
2021-12-05,0,-0.9,5.2,11.2,-3.4,0.85,8.87
2021-12-06,0,-2.6,2.3,7.2,-8.3,1.83,6.4
2021-12-07,2.4,-2.3,-0.4,1.4,-3.1,0.06,2.94
2021-12-08,0,-2.1,1.3,4.6,-1.1,0.2,2.2
2021-12-09,1.39,-3.9,-0.2,3.5,-2.6,0.18,2.07
2021-12-10,0.38,-7.4,-4.1,-0.8,-9.3,0.26,3.03
2021-12-11,0,-9.2,-5.9,-2.5,-8.3,0.33,1.82
2021-12-12,5.45,-5.7,-3.5,-1.3,-5.5,0.14,1.78
2021-12-13,12.2,-2.8,1,4.8,-1,0.02,2.89
2021-12-14,1.54,0.1,2.1,4,-1.1,0.19,3.35
2021-12-15,3.96,-7.7,-2.3,3.1,-4.9,0.05,2.37
2021-12-16,4.61,-12.4,-8,-3.7,-9.5,0.13,1.72
2021-12-17,10.55,-6.9,-4.4,-1.8,-5.1,0.08,0.8
2021-12-18,0.26,-11.9,-6.3,-0.8,-8.5,0.23,2.13
2021-12-19,0.36,-11.9,-6.5,-1.2,-8.5,0.16,1.97
2021-12-20,2.81,-7.9,-3.7,0.5,-4.4,0.09,1.79
2021-12-21,0,-3.9,1,5.9,-4.7,0.37,4.25
2021-12-22,0,-6.8,-1.3,4.2,-7.5,0.42,4.24
2021-12-23,2.64,-4,-0.8,2.5,-1.5,0.03,1.38
2021-12-24,13.05,-2.8,-0.2,2.4,-0.4,0.02,1.24
2021-12-25,6.92,-7.2,-3.5,0.2,-5.4,0.05,1.55
2021-12-26,11.92,-6.8,-4.1,-1.4,-4.3,0.03,0.85
2021-12-27,13.77,-7.8,-5.5,-3.1,-8.2,0.21,1.86
2021-12-28,3.91,-11.9,-8.5,-5.1,-11.2,0.22,0.79
2021-12-29,1.7,-14.2,-11.4,-8.7,-12.9,0.23,0.69
2021-12-30,5.04,-12.9,-9.1,-5.4,-10.5,0.17,0.62
2021-12-31,7.81,-12.7,-8.2,-3.6,-8.4,0.13,0.77
2022-01-01,0,-17.5,-11.5,-5.5,-13.2,0.17,1.07
2022-01-02,0,-21.2,-15.9,-10.5,-17.4,0.2,0.65
2022-01-03,0,-17.6,-11.6,-5.5,-14.4,0.16,1.74
2022-01-04,10.33,-11.3,-5.4,0.6,-9.1,0.08,2.98
2022-01-05,9.91,-5,-3.1,-1.3,-5.1,0.07,1
2022-01-06,18.53,-2.8,-1.3,0.2,-3.9,0.22,1.52
2022-01-07,9.01,-1.4,1.2,3.8,-0.8,0.05,3.06
2022-01-08,4.77,-3.1,0.3,3.6,-2.6,0.15,2.04
2022-01-09,0,-11.5,-6.1,-0.7,-9.2,0.25,2.39
2022-01-10,0,-13,-6.8,-0.7,-12.1,0.27,3.41
2022-01-11,0,-11.2,-4.9,1.5,-11.3,0.35,4.07
2022-01-12,0,-9.6,-5,-0.4,-5.8,0.13,1.74
2022-01-13,0,-7.3,-1.1,5.2,-6.4,0.28,4.78
2022-01-14,0,-5.6,0.6,6.9,-4.8,0.22,5.17
2022-01-15,0,-7.8,-2.1,3.6,-7,0.4,3.93
2022-01-16,0,-11,-4.4,2.1,-9.3,0.06,3.34
2022-01-17,0,-9.7,-4.8,0.1,-7.6,0.08,1.92
2022-01-18,0,-9.6,-4.2,1.2,-6.7,0.09,2.38
2022-01-19,0,-12.6,-6.6,-0.7,-6.3,0,1.48
2022-01-20,0,-11.6,-6.7,-1.7,-6.5,0,1.5
2022-01-21,5.93,-10.1,-5.4,-0.7,-2.9,0,0.55
2022-01-22,0,-9.5,-3.7,2.1,-6.4,0.06,2.88
2022-01-23,0,-13.4,-8,-2.7,-7.2,0,1.13
2022-01-24,0,-13.4,-9,-4.6,-9.3,0,2.23
2022-01-25,0,-14.8,-9.5,-4.3,-7.8,0,1.44
2022-01-26,0,-13.6,-7.8,-2,-10.2,0.13,1.93
2022-01-27,0,-14.3,-8.4,-2.6,-12.4,0.13,2.17
2022-01-28,0,-17.9,-10.8,-3.8,-14.7,0.12,2.26
2022-01-29,0,-11.5,-6.4,-1.2,-16.8,1.05,4.13
2022-01-30,0,-11.2,-4.8,1.5,-16.9,1.13,4.68
2022-01-31,0,-11.4,-5.5,0.4,-13.5,0.5,3.45
2022-02-01,0,-11.3,-6.2,-1.2,-10.1,0.31,2.11
2022-02-02,0,-14.1,-8.9,-3.7,-12.1,0.2,2.05
2022-02-03,0,-15.9,-10.3,-4.7,-14.8,0.2,2.46
2022-02-04,0,-13.8,-7.8,-1.7,-10.3,0.14,2.21
2022-02-05,0,-14.6,-7.7,-0.8,-8.3,0.03,2.8
2022-02-06,0,-10,-4.2,1.6,-7.4,0.28,2.87
2022-02-07,0,-10.7,-3.9,3,-9.4,0.12,4.66
2022-02-08,0,-11,-4.3,2.4,-9.3,0.26,5.06
2022-02-09,0,-10.8,-3.1,4.6,-9.4,0.36,5.51
2022-02-10,0,-4.2,1.4,6.9,-2.3,0.18,3.86
2022-02-11,0,-2.2,3,8.3,-2.1,0.46,4.98
2022-02-12,0,-5.6,1.6,8.8,-10,0.56,8.57
2022-02-13,0,-7.9,-1.7,4.4,-10.2,0.7,6.84
2022-02-14,0,-7.5,0.3,8.1,-8.2,0.6,7.33
2022-02-15,0.61,-5,0.5,6.1,-3.9,0.03,4.64
2022-02-16,0,-5.7,-0.8,4.1,-5.7,0.24,3.77
2022-02-17,0,-6.7,-1.8,3.2,-7.2,0.43,3.66
2022-02-18,0,-9.6,-3.6,2.4,-7.9,0.4,3.87
2022-02-19,0,-5.7,0.5,6.6,-5.1,0.42,4.97
2022-02-20,0,-4.7,2.4,9.5,-4.1,0.62,6.72
2022-02-21,0,-7.7,-1.6,4.4,-7.4,0.58,4.54
2022-02-22,0,-11.8,-6.4,-1,-10.8,0.26,2.96
2022-02-23,0.06,-12.9,-8.5,-4,-11.7,0.21,1.96
2022-02-24,0,-14.2,-9.1,-4,-15.4,0.32,2.68
2022-02-25,0,-14.9,-10.7,-6.4,-14.3,0.25,1.53
2022-02-26,0,-18.5,-11.1,-3.8,-14.5,0.17,2.28
2022-02-27,0,-17.6,-10.1,-2.6,-15.1,0.25,2.71
2022-02-28,0,-12.9,-5,2.8,-9.1,0.25,4.37
2022-03-01,0,-4.2,1.7,7.7,-2.2,0.11,5.67
2022-03-02,0,2,6.3,10.5,0.9,0.78,5.33
2022-03-03,0,1.6,6.7,11.9,-0.2,0.88,7.33
2022-03-04,0,0.4,6.5,12.6,-0.7,0.75,8.48
2022-03-05,0,-3.1,1,5,-1.9,0.02,3.61
2022-03-06,0,-5.5,-1.2,3,-5.2,0.15,2.76
2022-03-07,0,-8.9,-3,2.8,-8.6,0.14,4.56
2022-03-08,0,-10,-3,3.9,-8.4,0.29,4.69
2022-03-09,2.67,-5.7,-1.8,2.1,-4.6,0.33,2.29
2022-03-10,0.43,-11.3,-6.3,-1.3,-11.1,0.49,2.69
2022-03-11,0,-15,-8.3,-1.6,-15.8,0.27,3.81
2022-03-12,2.45,-8.8,-2.1,4.6,-8.5,0.68,5.17
2022-03-13,0,-3.2,3.9,10.9,-4.2,0.57,8.79
2022-03-14,0,-2.3,1.5,5.2,-3.5,0.16,4.46
2022-03-15,2.87,-4.1,2.3,8.7,-3.1,0.3,6.36
2022-03-16,6.03,-0.2,2.7,5.6,1.3,0.04,1.97
2022-03-17,0,-3.5,0.7,4.8,-5.1,0.75,4.4
2022-03-18,0,-6.5,0.2,6.9,-6.7,0.56,6.44
2022-03-19,0,-2.5,4,10.4,-3.8,0.53,8.03
2022-03-20,0.51,0.1,5.3,10.6,-2,0.52,7.89
2022-03-21,0,-3.8,-0.1,3.6,-9.6,0.84,5.15
2022-03-22,0,-4.6,1.1,6.7,-6,0.92,5.75
2022-03-23,0.01,-2.2,5.6,13.4,-1,0.61,9.75
2022-03-24,0,-0.4,8.2,16.8,0.3,0.51,13.05
2022-03-25,0.03,2.2,8.5,14.9,-4.1,1.39,12.69
2022-03-26,0.09,1.6,10.3,19,-3.7,2.78,17.28
2022-03-27,0,3.1,10.9,18.8,-1.9,2.66,16.31
2022-03-28,0,3.8,10.6,17.4,-1.2,2.69,13.8
2022-03-29,0,1.6,9.1,16.6,0.9,0.89,12.44
2022-03-30,0,0.5,7.9,15.3,-1.2,1.04,12.08
2022-03-31,0,-1.2,5.8,12.8,-2.4,1.08,9.04
2022-04-01,0,-3.3,2.3,8,-7.3,1.36,7.05
2022-04-02,0,-4.3,3.2,10.7,-8.8,1.49,9.81
2022-04-03,0,-2.3,3.9,10.1,-7.9,2.04,8.85
2022-04-04,0,-3.3,5.2,13.7,-11.5,2.25,13.39
2022-04-05,8.92,-0.8,3.2,7.2,-1.7,0.48,5.34
2022-04-06,0,-6.1,-1.4,3.3,-9.4,0.92,4.78
2022-04-07,0,-7,1.3,9.6,-10.7,1.04,9.45
2022-04-08,0,-2.8,7.1,17,-6.5,1.99,15.37
2022-04-09,0,0.9,10.8,20.7,-4.6,3.5,19.97
2022-04-10,0,-3.7,1.4,6.5,-11.5,1.78,7.22
2022-04-11,3.43,-6.9,-2.5,1.9,-6,0.16,3.2
2022-04-12,18.33,-5.5,-2,1.5,-5.2,0.21,2.06
2022-04-13,3.84,-8.7,-3.6,1.4,-7.5,0.21,3.3
2022-04-14,1.4,-7.3,-2.3,2.7,-5.5,0.14,3.21
2022-04-15,4.28,-4.6,0.6,5.8,-2.5,0.14,3
2022-04-16,0.35,-4.5,0.6,5.7,-6.3,0.21,5.95
2022-04-17,7.1,-2.7,2.6,7.9,-3.1,0.34,4.77
2022-04-18,0.01,-5,1.9,8.7,-6.9,0.77,7.82
2022-04-19,0.44,0,8.9,17.8,-4.8,1.25,16.45
2022-04-20,0.46,-1.5,4.2,9.9,-3.6,0.15,9.05
2022-04-21,0,-1.8,6.1,13.9,-2.7,0.42,11.49
2022-04-22,3.81,0.7,4.7,8.8,1.1,0.14,4.8
2022-04-23,0,0,5.6,11.3,-3.6,0.25,8.8
2022-04-24,0,-1.3,4.6,10.6,-4.4,1.25,8.65
2022-04-25,0,-3,5.3,13.6,-5.3,0.93,11.7
2022-04-26,0,0.6,8.4,16.3,-5.6,2.5,14.7
2022-04-27,0,1.6,7.4,13.2,-0.2,0.97,9.24
2022-04-28,0,1.3,7.7,14,-2.7,1.21,11.01
2022-04-29,0.28,-0.4,6.7,13.8,-0.7,0.36,9.59
2022-04-30,0,-0.6,5.2,11,-4.2,0.86,8.64
2022-05-01,11.7,-1.8,4.2,10.3,1.3,0.02,6.63
2022-05-02,0,0.5,7.4,14.2,3.4,0.01,7.53
2022-05-03,7.71,0.5,7.4,14.2,1.2,0.06,8.99
2022-05-04,3.95,-0.7,5.2,11,1.4,0.06,5.52
2022-05-05,0,0.1,9.2,18.3,1.5,0.79,14.79
2022-05-06,3.6,2.2,10.2,18.2,3.3,0.17,14.01
2022-05-07,1.16,4.1,10.7,17.2,3.3,0.66,11.54
2022-05-08,3.33,1.1,5.6,10.1,-0.9,0.72,6.6
2022-05-09,3.13,-0.8,3.3,7.5,-3.6,0.29,6.66
2022-05-10,8.62,-3.4,0.3,4,-4.4,0.24,3.39
2022-05-11,0,-5.7,1.7,9.2,-5.3,0.44,8.23
2022-05-12,0,-3.2,4.8,12.9,-3,0.31,9.9
2022-05-13,2.63,-2.2,5.3,12.8,-2,0.1,9.85
2022-05-14,1.7,-2.3,5.3,12.9,-1.2,0.01,10.05
2022-05-15,0.34,2,9.3,16.6,4,0.43,9.96
2022-05-16,0,5.2,15,24.9,4.3,1.68,23.55
2022-05-17,0,3.9,13.3,22.7,4.3,1.16,18.77
2022-05-18,0,8,14.2,20.4,-2.8,3.66,19.03
2022-05-19,0,4.5,12.2,20,-0.2,2.84,18.07
2022-05-20,0,5.2,7.4,9.7,-7.6,2.86,9.38
2022-05-21,0,-0.3,6.7,13.6,-4.5,1.7,11.65
2022-05-22,0,-0.3,7.5,15.3,-3.8,1.37,13.7
2022-05-23,0,1.4,8.4,15.5,-3.1,1.59,13.5
2022-05-24,0.04,1.8,9.3,16.9,-2.9,2.24,15.01
2022-05-25,0,0.7,9.5,18.3,-2.8,1.4,16.7
2022-05-26,0,2.1,13.1,24,0.6,1.01,23.94
2022-05-27,0.78,5.7,16.6,27.5,4,1.54,29.84
2022-05-28,1.44,7,14.3,21.5,6,0.35,17.89
2022-05-29,11.37,7.6,11.8,16,3.9,0.35,11.21
2022-05-30,4.52,2.6,5.3,7.9,2.6,0.14,3.02
2022-05-31,5.58,2.6,5.5,8.5,3.4,0.05,2.71
2022-06-01,1.37,2.3,8.3,14.3,5.1,0.04,6.88
2022-06-02,0,3.1,11.6,20.1,4,0.33,16.48
2022-06-03,0,2.8,13.5,24.1,4.5,0.9,22.15
2022-06-04,0.79,6.1,15.1,24.1,5.8,2.29,21.94
2022-06-05,0.99,9.5,12.7,15.8,7.3,1.34,7.58
2022-06-06,5.57,6.3,12.2,18.1,8.3,0.35,8.63
2022-06-07,0.2,5.6,12,18.5,3.1,0.98,15
2022-06-08,0,4.3,12.6,20.9,1.6,1.38,18.26
2022-06-09,0,4.4,12.6,20.7,5.8,0.35,15.66
2022-06-10,0,8.1,16.8,25.5,6.9,1.92,23.87
2022-06-11,0,7.7,17.8,27.8,8.5,1.09,26.67
2022-06-12,3.03,10.8,18.7,26.6,9.7,1.14,23.58
2022-06-13,10.58,11.7,13.2,14.8,8.3,0.65,4.41
2022-06-14,0,5.4,7.9,10.5,-0.3,1.48,7.01
2022-06-15,0,0.8,6.4,12,-1.6,0.94,9.14
2022-06-16,0,-0.5,10,20.5,-0.8,1.25,18.81
2022-06-17,0,-0.2,14.9,30.1,2,3.67,35.99
2022-06-18,0,7.9,17,26.2,3.6,3.11,25.88
2022-06-19,0,8.3,14.7,21.1,2.4,3.04,18.37
2022-06-20,0,5.5,11.2,16.9,2.9,1.14,12.26
2022-06-21,0,3.6,11.3,19,3.1,1.02,14.55
2022-06-22,0,2.3,13.4,24.5,2.9,0.45,23.9
2022-06-23,0,2.8,15.5,28.3,2.1,3.15,32.16
2022-06-24,0,5.3,16.7,28.2,2.3,4.04,29.8
2022-06-25,0,7.8,15.8,23.8,-0.5,3.91,24.38
2022-06-26,0,7.2,16.9,26.6,1.7,3.52,28.3
2022-06-27,0,5.6,17.9,30.3,1.8,4.33,36.88
2022-06-28,0,7.7,20.9,34.1,3,7.04,46.33
2022-06-29,0,9.5,21.2,32.8,2.2,5.77,44.05
2022-06-30,0,12.2,19.1,25.9,-1.3,8.56,28.14
2022-07-01,0,8.9,17.7,26.6,0.2,5.59,28.36
2022-07-02,0,9,19.5,29.9,1.3,4.93,36.09
2022-07-03,0,9.5,20.2,30.8,3.4,4.13,37.25
2022-07-04,0,9.7,20.3,30.8,3,3.94,38.01
2022-07-05,0,11.4,18.5,25.5,4.4,5.02,24.35
2022-07-06,0,10.5,18.2,25.9,5.5,4.09,24.14
2022-07-07,0,11,20.6,30.1,6.6,3.45,33.26
2022-07-08,0,12.9,22.1,31.4,7.2,4.57,35.81
2022-07-09,0,13.9,22.9,31.9,6.2,6.16,38.27
2022-07-10,0,12.3,22,31.7,6.1,4.96,37.04
2022-07-11,0,11.9,20.7,29.5,4.7,5.01,32.99
2022-07-12,0,11.9,20.1,28.4,6.3,5.33,28.79
2022-07-13,0,10.7,21.2,31.7,4.2,3.85,39.24
2022-07-14,0,11.9,23.1,34.2,6.2,4.99,45.51
2022-07-15,0,14.5,24.4,34.3,6.9,6.14,45.52
2022-07-16,0,13.1,24,34.9,3.8,6.38,49.54
2022-07-17,0,15.1,24.6,34.2,3.7,10,46.71
2022-07-18,0,13,24.2,35.3,7.7,5.53,48.61
2022-07-19,0,14.5,23.7,32.9,-2.3,9.65,44.9
2022-07-20,0,12.2,20.9,29.6,0.9,8.77,34.71
2022-07-21,0,12.2,22.4,32.6,1.7,7,42.34
2022-07-22,0,12.6,23.2,33.9,0.1,8.36,46.8
2022-07-23,0,12.6,23.1,33.6,-0.8,8.6,45.86
2022-07-24,0,12.1,21.9,31.7,-1.3,8.34,41.48
2022-07-25,0,11.1,21.3,31.6,1.1,6.98,40.67
2022-07-26,0,11,21.1,31.2,3.1,5.44,38.42
2022-07-27,0,11.3,21.9,32.6,5.3,5.47,41.06
2022-07-28,0,14.4,24.2,34.1,6.8,6.56,44.53
2022-07-29,0,14.3,24.6,35,7.4,6.22,46.59
2022-07-30,0,15,25.2,35.5,7.1,6.73,48.61
2022-07-31,0,14.7,25.2,35.6,3.1,7.54,51.89
2022-08-01,0,16.2,26.5,36.9,3.9,11.31,55.61
2022-08-02,0,16.6,26.2,35.8,7.6,8.06,50.33
2022-08-03,0,15.1,21.2,27.3,10.5,5.39,23.33
2022-08-04,0,14.5,23.3,32.1,7.7,5.1,38.17
2022-08-05,0,16.1,24.6,33.1,6.9,8.52,40.87
2022-08-06,0,15.5,21.4,27.2,9.3,2.65,27.5
2022-08-07,0,11.5,19.8,28.1,4,2.64,31.8
2022-08-08,0,9.7,20.4,31.1,0.3,5.35,39.65
2022-08-09,0,12.5,23.6,34.8,2.7,8.68,48.62
2022-08-10,0,16.5,25.3,34.2,6.5,7.37,46.59
2022-08-11,0,15.2,21.2,27.2,13,2.2,21.01
2022-08-12,0,14.5,23.6,32.6,11.8,2.65,37.29
2022-08-13,0,16.6,24.8,33,11.5,5.67,37.81
2022-08-14,0,14.4,23.8,33.2,6.7,5.55,42.51
2022-08-15,0,13.3,22.9,32.5,2.9,6.45,42.85
2022-08-16,0,13.9,23.7,33.4,1.4,8.98,45.58
2022-08-17,0,13.3,24.2,35.1,1.2,10,50.54
2022-08-18,0,14.8,25.4,36,1.3,11.26,53.51
2022-08-19,0,15.7,24.5,33.4,5,9.64,42.85
2022-08-20,0,15.1,22.8,30.6,9.8,4.56,32.83
2022-08-21,0,13.9,22.2,30.5,10.4,3.4,31.48
2022-08-22,0,14.9,23.8,32.8,8.1,5.11,40.92
2022-08-23,0,14.6,24,33.4,5.8,6.91,43.02
2022-08-24,0,13.9,23.4,32.8,4.1,7.17,43.15
2022-08-25,0,13.6,23.4,33.2,3.3,7.4,44.87
2022-08-26,0,13.9,23,32,5.5,6.85,39.52
2022-08-27,0,14.6,22.8,31.1,5,7.49,36.94
2022-08-28,0,11.9,19.3,26.7,3.7,6.87,26.17
2022-08-29,0,11.4,19,26.6,-0.4,7.73,29.2
2022-08-30,0,10.8,20.8,30.9,1.9,6.62,37.68
2022-08-31,0,13.4,24,34.6,1.8,9.13,49.09
2022-09-01,0,13.3,25,36.6,2,10.52,55.06
2022-09-02,0,12.5,22.4,32.2,-3,9.7,44.1
2022-09-03,0,11.4,22.6,33.9,-3.6,9.71,49.07
2022-09-04,0,13.4,24.4,35.5,-1,10.93,52.47
2022-09-05,0,13.1,23.5,33.8,-2.7,10.77,48.43
2022-09-06,0,12.6,23.1,33.6,-2.2,10.98,47.78
2022-09-07,0,13.1,25.2,37.3,0.8,11.71,58.07
2022-09-08,0,15.8,25.8,35.7,3.3,9.49,52.27
2022-09-09,0,7.3,16.8,26.2,-5.3,5.31,30.53
2022-09-10,0,5.3,14.1,22.8,-5.9,5.13,24.22
2022-09-11,0,4.7,15.4,26.1,-4.9,4.67,30.09
2022-09-12,0,5.6,18,30.3,-4.7,6.98,39.96
2022-09-13,0,8.2,18.5,28.9,-1.1,5.7,34.39
2022-09-14,2.26,8.9,13.9,19,9.6,0.3,10.67
2022-09-15,0.9,8.6,16.6,24.6,8.2,0.31,20.63
2022-09-16,3.37,7.6,14.8,22,7.9,0.81,15.93
2022-09-17,0,5.8,13.9,22.1,5.2,0.65,18.05
2022-09-18,0,5.6,13.9,22.2,4.4,1.2,18.26
2022-09-19,0,7,15.5,24,4.4,2.3,21.77
2022-09-20,0,6.4,16,25.5,0.8,2.03,27.08
2022-09-21,0,6.8,17.1,27.4,-0.7,3.82,31.45
2022-09-22,0.36,5.6,14.9,24.2,2.7,1.99,23.32
2022-09-23,0,4.2,9.9,15.6,3.1,0.84,9.73
2022-09-24,0,3.3,12.7,22,-1.1,1.52,20.79
2022-09-25,0,3.9,14.4,25,-1.4,3.86,26.46
2022-09-26,0,5.1,16,26.9,-1.7,4.78,30.69
2022-09-27,0,6.4,17.6,28.8,-3.4,5.54,35.36
2022-09-28,0,7.7,19,30.4,-3,6.57,38.99
2022-09-29,0,10.7,19.8,28.8,-0.7,7.32,34.18
2022-09-30,0,6,12.8,19.7,1.6,1.6,16.29
2022-10-01,1.43,2.7,9.8,16.9,3.9,0.14,11
2022-10-02,0,2.1,10.3,18.4,3,0.39,13.8
2022-10-03,0,3.6,11.9,20.2,3.2,0.93,16.05
2022-10-04,0,4.2,13.1,22,3.6,1.18,18.37
2022-10-05,0,4.4,14,23.6,2.7,1.56,21.65
2022-10-06,0,4.9,14.8,24.7,2.5,2.93,23.71
2022-10-07,0,5.6,15.6,25.5,1.5,3.75,26.36
2022-10-08,0,5.4,15,24.6,0.8,3.15,24.77
2022-10-09,0,5.1,14.5,23.8,0.1,3.54,23.34
2022-10-10,0,4.5,14,23.6,-1,3.02,23.45
2022-10-11,0,3.5,13,22.5,-1.9,3.09,22.2
2022-10-12,0,6.6,13.7,20.8,-0.2,4.15,18.41
2022-10-13,0,4.7,14.1,23.6,-0.2,3.62,23.13
2022-10-14,0,3.6,13.6,23.6,-2.4,4.14,23.82
2022-10-15,0,3.3,13.1,22.8,-5.7,4.2,23.56
2022-10-16,0,3.2,12.7,22.1,-3.8,4.03,21.54
2022-10-17,0,3.3,13,22.7,-6.9,4.72,23.97
2022-10-18,0,2.6,13,23.5,-6.4,4.83,25.1
2022-10-19,0,3.3,13.7,24.2,-5.3,5.14,26.12
2022-10-20,0,3.1,13.1,23.1,-5,4.55,23.96
2022-10-21,0,2.3,12.3,22.3,-6,3.83,23.04
2022-10-22,14.57,2.9,10.7,18.6,1.2,0.08,14.75
2022-10-23,8.87,-1.9,2.6,7.2,-0.3,0.15,4.46
2022-10-24,0,-4.2,0.5,5.3,-5.6,0.56,5.06
2022-10-25,4.89,-5.2,0.2,5.6,-3,0.12,5.02
2022-10-26,0.89,-2.6,2.6,7.9,-2.7,0.35,5.28
2022-10-27,1.92,-6.2,-0.8,4.6,-3.7,0.1,3.48
2022-10-28,0,-7.2,-0.5,6.1,-6.7,0.49,5.69
2022-10-29,0,-5.4,2.9,11.2,-6.2,0.82,9.78
2022-10-30,0,-3.3,4.1,11.5,-4.1,1.1,8.97
2022-10-31,0,-3.4,4.7,12.7,-2.4,0.68,9.53
2022-11-01,0,1.9,8.8,15.7,-1.6,1.73,12.24
2022-11-02,6.7,-2.1,5.3,12.8,-2.7,0.15,10.96
2022-11-03,1.16,-6.9,-2.4,2.1,-4.9,0.22,2.37
2022-11-04,0,-7.2,-2.2,2.8,-6.7,0.33,3.86
2022-11-05,21.31,-4.6,-0.9,2.7,-0.5,0.01,0.83
2022-11-06,7.71,-5.5,-0.5,4.5,-3.4,0.09,3.77
2022-11-07,4.57,-6.5,-0.7,5.1,-2.5,0.09,4.13
2022-11-08,3.76,-3.9,0,4,-3.4,0.11,3.02
2022-11-09,10.02,-4,0.3,4.6,-1.7,0.04,3.35
2022-11-10,5.56,-7.3,-3.8,-0.2,-4.5,0.07,0.71
2022-11-11,0,-11.3,-6,-0.7,-9,0.2,2.39
2022-11-12,0,-12.4,-6.5,-0.7,-9.5,0.26,2.52
2022-11-13,0,-8.3,-3.6,1.2,-8.9,0.32,3.46
2022-11-14,0,-9.5,-4.4,0.7,-7.4,0.15,2.65
2022-11-15,0,-10.2,-4.4,1.5,-8.3,0.17,3.13
2022-11-16,0,-10,-4.2,1.7,-8.3,0.28,3.1
2022-11-17,0,-10.3,-4.9,0.5,-7.5,0.19,2.46
2022-11-18,0,-10.3,-5.6,-0.9,-7.7,0.18,1.95
2022-11-19,0,-11.8,-5.9,0,-10.9,0.22,3.48
2022-11-20,0,-11.6,-4.6,2.3,-12.7,0.5,4.94
2022-11-21,0,-9.9,-3,4,-12.9,0.89,5.53
2022-11-22,0,-9.6,-3.3,3,-10.7,0.71,4.7
2022-11-23,0.61,-7.6,-1.2,5.2,-7,0.4,5.3
2022-11-24,0,-5.1,-0.4,4.4,-6.3,0.56,4.24
2022-11-25,0,-6.7,0.2,7.1,-6.7,0.48,6.2
2022-11-26,0.45,-4,2.7,9.3,-5.7,0.79,7.53
2022-11-27,0,-5,-0.4,4.3,-3.5,0.17,3.12
2022-11-28,4.29,-6.2,-2,2.2,-4.7,0.12,3.26
2022-11-29,1.7,-11,-6.1,-1.3,-7.6,0.15,1.33
2022-11-30,0.41,-11.9,-7.9,-3.9,-11,0.24,1.72
2022-12-01,10.94,-8.2,-4.6,-1,-5.3,0.17,1.24
2022-12-02,10.62,-8.7,-3.7,1.3,-5.3,0.1,1.5
2022-12-03,0,-13.5,-8,-2.6,-12.4,0.33,2.18
2022-12-04,0.25,-12.2,-5.4,1.5,-11.6,0.61,3.78
2022-12-05,10.39,-4.9,-2,1,-2.9,0.05,1.55
2022-12-06,0,-6.4,-1.8,2.7,-5.2,0.08,2.63
2022-12-07,0,-7.9,-4.1,-0.3,-6,0.12,1.63
2022-12-08,0,-11,-5,1,-8.1,0.13,2.57
2022-12-09,4.17,-10.7,-5,0.7,-7.7,0.16,2.55
2022-12-10,5.99,-9.6,-5.7,-1.9,-7.6,0.08,1.72
2022-12-11,12.6,-4.2,-1.2,1.8,-2.8,0.09,1.95
2022-12-12,17.14,-3.7,-1.4,1,-1.4,0.02,0.69
2022-12-13,2.7,-5.7,-2.5,0.6,-3.4,0.05,0.75
2022-12-14,0,-8.6,-4.2,0.2,-5.4,0.07,1.14
2022-12-15,1.11,-9.5,-6.1,-2.6,-6.4,0.08,0.82
2022-12-16,0,-13.6,-8.6,-3.7,-10.1,0.17,1.09
2022-12-17,0,-13.9,-10.3,-6.7,-11.7,0.17,0.8
2022-12-18,0,-16.2,-11.6,-7,-13.2,0.17,0.98
2022-12-19,0,-15.1,-9.1,-3,-12.8,0.21,1.81
2022-12-20,0.02,-12.3,-7.1,-1.8,-10.5,0.26,2.22
2022-12-21,3.13,-6.1,-3,0.1,-5.3,0.13,2.48
2022-12-22,1.11,-17.1,-8.4,0.3,-13.2,0.28,2.66
2022-12-23,1.31,-19.1,-15.2,-11.2,-20,0.32,1.28
2022-12-24,7.61,-12.8,-7.7,-2.7,-7.3,0.07,0.95
2022-12-25,1.74,-3.4,1,5.3,-1,0.04,2.47
2022-12-26,0.71,0.4,2.9,5.4,0.3,0.21,2.45
2022-12-27,2.15,0.8,3.8,6.8,0.4,0.3,3.53
2022-12-28,17.79,-2.1,2,6.2,-0.6,0.09,3.51
2022-12-29,1.51,-8.3,-4.2,-0.1,-6.3,0.22,1.67
2022-12-30,4.3,-9.3,-5.5,-1.8,-7.3,0.11,1.75
2022-12-31,16.3,-4.3,-2,0.3,-1.9,0.03,0.52
2023-01-01,0,-6.4,-3,0.3,-3.5,0.02,0.88
2023-01-02,0,-9.6,-5.2,-0.8,-8.3,0.19,1.98
2023-01-03,0,-12.9,-6.4,0.1,-10.9,0.1,2.87
2023-01-04,0,-11.3,-6.6,-1.9,-8.8,0.23,2.02
2023-01-05,0,-7.8,-3.9,0,-6.6,0.25,2.16
2023-01-06,7.26,-1.7,0.1,1.9,-1.3,0.05,1.78
2023-01-07,1.41,-4.9,-1,2.8,-1.9,0.03,1.28
2023-01-08,0,-6.3,-2,2.3,-4.7,0.13,2.37
2023-01-09,5.57,-6,-2,2,-3.9,0.04,2.16
2023-01-10,10.98,-5.7,-2.3,1.1,-2.5,0.01,1.56
2023-01-11,6.51,-4.2,-1.3,1.5,-1.7,0.03,0.88
2023-01-12,0.59,-4.1,-0.3,3.6,-3.5,0.09,2.27
2023-01-13,0,-3.4,0.4,4.2,-2.4,0.2,2.36
2023-01-14,8.33,-1.1,2,5,-1.4,0.1,3.17
2023-01-15,7.13,-1.6,1.7,5,-0.5,0.05,2.38
2023-01-16,0,-5.4,-0.9,3.6,-3.4,0.03,2.64
2023-01-17,0,-7,-2.5,2,-5.9,0.25,2.85
2023-01-18,0,-9.7,-3.8,2,-8.1,0.2,3.43
2023-01-19,2.11,-10.1,-4.5,1.1,-8.1,0.15,3.19
2023-01-20,2.53,-10.7,-5.9,-1.1,-7.3,0.08,1.46
2023-01-21,0,-14,-9,-3.9,-12,0.2,1.59
2023-01-22,0.68,-14.6,-9.5,-4.4,-11.2,0.09,1.7
2023-01-23,0,-13.5,-9,-4.5,-10.3,0.1,1.52
2023-01-24,0,-13.6,-8.6,-3.6,-11.4,0.22,1.88
2023-01-25,0,-9.7,-5,-0.3,-8.9,0.41,2.76
2023-01-26,0,-8,-3.6,0.8,-7.1,0.29,2.21
2023-01-27,0.74,-6.5,-1.3,3.9,-4.1,0.35,2.86
2023-01-28,1.24,-5.3,-1.4,2.4,-4.2,0.38,2.37
2023-01-29,2.5,-10.7,-5.5,-0.2,-7.6,0.18,2.14
2023-01-30,0,-18.9,-13.6,-8.2,-16.7,0.25,1.41
2023-01-31,0,-21,-16,-10.9,-20.3,0.21,1.22
2023-02-01,0,-18,-12.9,-7.8,-16.1,0.24,1.52
2023-02-02,0,-12.1,-6,0.1,-14.2,0.59,3.86
2023-02-03,0,-10.4,-3.3,3.8,-11,0.76,5.29
2023-02-04,0,-5.8,-1.6,2.5,-7.1,0.7,3.74
2023-02-05,0.04,-4.5,0.4,5.4,-5.9,0.63,4.57
2023-02-06,4.38,-3.1,-0.2,2.6,-2.6,0.06,2.72
2023-02-07,0,-4.9,-1,3,-4.1,0.27,2.84
2023-02-08,0.16,-5.1,0.2,5.5,-4.9,0.47,4.8
2023-02-09,0,-10,-4.8,0.5,-10.2,0.4,3.48
2023-02-10,0,-10.6,-4.4,1.8,-13.8,0.69,4.76
2023-02-11,0,-8.4,-2.7,3.1,-11.9,1.11,5.11
2023-02-12,0,-5.8,0.8,7.4,-10.8,1.21,7.24
2023-02-13,0,-7.8,-0.7,6.3,-9.9,0.69,6.41
2023-02-14,2.84,-8.4,-0.9,6.7,-7.9,0.2,6.68
2023-02-15,0,-8.7,-6,-3.2,-10.8,0.29,2.05
2023-02-16,0,-10.9,-4.8,1.3,-13.8,0.71,4.58
2023-02-17,0,-12.2,-5.9,0.4,-15.3,0.68,4.06
2023-02-18,0,-11.7,-4.7,2.3,-15.5,0.86,5.08
2023-02-19,0,-10.2,-4.6,1,-9.9,0.33,3.85
2023-02-20,0.64,-8.3,-2.8,2.6,-5.7,0.36,3.33
2023-02-21,0.75,-0.1,3.5,7.1,-1.4,0.53,4.57
2023-02-22,1.18,-10,-3.8,2.3,-8.4,0.2,3.67
2023-02-23,1.66,-12.8,-7.5,-2.2,-11.2,0.2,2.46
2023-02-24,1.72,-12.3,-9.3,-6.2,-11.5,0.31,1.07
2023-02-25,0,-12.3,-6.3,-0.4,-10.7,0.31,2.82
2023-02-26,0.35,-9,-2.1,4.7,-7.2,0.45,4.63
2023-02-27,5.06,-7.3,-2.7,2,-5.1,0.1,2.5
2023-02-28,3.58,-8.3,-4,0.2,-6.7,0.11,1.92
2023-03-01,8.82,-6.4,-3.6,-0.8,-6.9,0.12,2.16
2023-03-02,1.67,-9.7,-4.1,1.5,-8,0.09,2.88
2023-03-03,2.38,-9.9,-5.5,-1,-7.5,0.1,2.5
2023-03-04,0,-10.2,-5.5,-0.7,-10.2,0.23,2.95
2023-03-05,7.26,-10.1,-6.2,-2.3,-6.7,0.09,1.56
2023-03-06,5.25,-8.8,-4.7,-0.6,-7,0.11,1.91
2023-03-07,0.95,-11.6,-5.5,0.6,-8.3,0.14,2.49
2023-03-08,1.49,-11.9,-6.6,-1.4,-9,0.16,2.3
2023-03-09,3.92,-10.3,-4.9,0.5,-6.8,0.1,2.2
2023-03-10,7.06,-10.4,-5.2,-0.1,-7.6,0.07,2.76
2023-03-11,13.12,-5.8,-1.2,3.4,-4.8,0.08,3.43
2023-03-12,0,-7,-0.6,5.8,-6.9,0.43,4.76
2023-03-13,5.86,-5.4,-1,3.5,-3.2,0.06,3.18
2023-03-14,11.14,-0.3,3.7,7.7,1.4,0.05,3.15
2023-03-15,19.47,-0.6,2.7,6,1.7,0.02,2.03
2023-03-16,0.93,-6.9,-2.2,2.6,-6.2,0.12,3.27
2023-03-17,0,-8.6,-1.6,5.5,-9.4,0.55,6.1
2023-03-18,0,-8.8,-2.2,4.3,-11.8,0.74,5.4
2023-03-19,0.24,-8.6,-1.7,5.1,-11.6,0.75,6.27
2023-03-20,1.81,-5.4,0.7,6.8,-5.8,0.08,6.35
2023-03-21,12.27,-3.1,0.1,3.3,-1.6,0.03,2.12
2023-03-22,0,-4.2,0.5,5.3,-3.2,0.05,3.76
2023-03-23,0,-4.3,1.2,6.7,-3.4,0.17,5.25
2023-03-24,5.07,-4.9,0.2,5.3,-2.4,0.03,4.19
2023-03-25,0.86,-7.7,-4.2,-0.8,-7.9,0.24,2.33
2023-03-26,0.93,-9.2,-4.7,-0.1,-9.7,0.29,3.25
2023-03-27,0.28,-9.2,-4.7,-0.2,-8.5,0.29,2.72
2023-03-28,0,-9.4,-3.3,2.8,-8.2,0.15,3.98
2023-03-29,2.91,-3.9,0.2,4.3,-5.1,0.38,4.05
2023-03-30,14.95,-2.2,1.1,4.3,-0.9,0.04,2.08
2023-03-31,9.03,-2.3,0.9,4,-1.5,0.04,2.37
2023-04-01,1.39,-1.8,1.9,5.6,-2.5,0.16,4.72
2023-04-02,8.07,-4.5,0,4.4,-2.6,0.05,2.91
2023-04-03,1.71,-5.2,-0.1,5,-4.6,0.06,4.45
2023-04-04,0,-6,-1.8,2.3,-7.2,0.17,3.83
2023-04-05,0.34,-7.3,-2.2,2.9,-7.5,0.47,4.02
2023-04-06,0,-8.3,-1.7,4.8,-10.4,0.5,5.76
2023-04-07,0,-8.3,-0.5,7.3,-9.5,0.77,7.04
2023-04-08,0.77,-2.5,2.8,8.2,-3.1,0.1,6.78
2023-04-09,0.35,-0.9,5.4,11.8,-1.2,0.29,8.14
2023-04-10,0,1.1,8.3,15.6,-0.9,1.28,11.5
2023-04-11,0,4.1,11.7,19.2,0.5,2.37,15.36
2023-04-12,0,1.8,8.7,15.7,0.5,1.17,10.46
2023-04-13,0.34,-4.4,1.6,7.7,-4.2,0.44,5.6
2023-04-14,0,-5.4,0,5.4,-8,0.4,5.7
2023-04-15,0,-5.1,1.3,7.8,-7.1,0.71,6.95
2023-04-16,0,-4.4,3.4,11.2,-7.3,1.13,9.57
2023-04-17,0,0.9,8.8,16.7,-5,2.49,14.52
2023-04-18,1.25,-0.1,5.5,11,-3.2,0.65,8.84
2023-04-19,2.58,-7.6,-2.2,3.2,-6.5,0.33,3.96
2023-04-20,1,-7.7,-0.8,6,-7.4,0.31,6.18
2023-04-21,1.79,-5.4,0.8,7,-6.8,0.23,6.9
2023-04-22,2.01,-1.9,2.4,6.7,-3.1,0.12,5.06
2023-04-23,0.03,-1.5,4.5,10.5,-3.3,0.78,7.8
2023-04-24,1.14,-0.3,6.2,12.7,0.6,0.51,8.65
2023-04-25,0.63,0,4.9,9.7,-1.8,0.64,6.8
2023-04-26,0,-0.5,6.7,13.9,-2.3,1.25,10.6
2023-04-27,0,1,9.4,17.9,-2.5,1.62,15.4
2023-04-28,0,2,10.1,18.1,-2.4,2.16,15.24
2023-04-29,0,2.1,11.4,20.7,-4.3,3.05,20.17
2023-04-30,0,6.7,16.2,25.7,-1.3,4.81,27.77
2023-05-01,0,8.8,18.1,27.3,0.1,5.57,30.88
2023-05-02,0,10.8,18.7,26.5,-1.5,6.53,29.65
2023-05-03,0,8.4,15.4,22.3,-2.2,5.86,22.69
2023-05-04,0.37,6.3,15.1,23.8,-1.8,3.51,25.02
2023-05-05,5.64,2.9,9.7,16.7,3.7,0.05,11.99
2023-05-06,5.97,1.7,6.6,11.5,2.8,0.05,6.4
2023-05-07,3.98,1.4,7.3,13.2,2.2,0.03,8.86
2023-05-08,5.88,0.1,5.6,11.1,0.4,0.13,7.13
2023-05-09,10.31,-0.8,6.5,13.9,1.1,0.05,9.43
2023-05-10,3.61,-0.7,6,12.6,-0.6,0.13,9.24
2023-05-11,0,1.2,9.4,17.6,-1.5,1.18,15.46
2023-05-12,0,3.3,11.1,18.8,0.3,2.01,15.81
2023-05-13,0,5.6,13.4,21.1,1,2.36,18.67
2023-05-14,0.33,6.8,13.9,20.9,1.4,3.02,18.44
2023-05-15,0.93,7.6,12.9,18.3,5.9,0.82,11.58
2023-05-16,1.5,7.6,15.1,22.7,6.1,1.13,19
2023-05-17,0,8.8,16.3,23.8,4.4,2.51,22.63
2023-05-18,0.43,8.2,15.2,22.2,6.1,1.45,18.12
2023-05-19,0,8.5,16.5,24.5,6.5,2.04,21.52
2023-05-20,0,9.8,18.2,26.5,5,3.44,27.06
2023-05-21,0,11.7,19.8,28,5.3,4.65,30.28
2023-05-22,1.29,9.1,18.7,28.4,6.4,1.39,30.41
2023-05-23,0.25,8.1,14.8,21.5,1.5,2.41,19.32
2023-05-24,1.47,6,13.2,20.5,4.7,1.19,15.97
2023-05-25,3.67,7.5,13.5,19.6,5.2,0.66,15.02
2023-05-26,0.78,7,13.1,19.1,5.2,1.57,13.82
2023-05-27,3.83,6.7,13.4,20,6.8,0.43,14.36
2023-05-28,0.44,6.4,12.6,18.8,6.1,0.64,13.78
2023-05-29,0,6.6,14.1,21.6,5.7,1.1,16.87
2023-05-30,0,8.4,16.4,24.4,5.2,1.87,22.87
2023-05-31,1.31,8.3,16.3,24.3,7.3,1.04,21.45
2023-06-01,1.09,7.6,15.6,23.5,8.7,0.26,18.18
2023-06-02,0,7.1,14.8,22.5,5.5,0.28,19.74
2023-06-03,0.37,7.2,14.6,21.9,6.4,1.09,16.33
2023-06-04,1.12,8,15.1,22.1,8.4,0.55,16.07
2023-06-05,2.65,9.2,16.9,24.7,9,0.3,19.94
2023-06-06,0.58,9.7,16.5,23.3,9.1,0.68,17.68
2023-06-07,2.96,10.5,18.9,27.4,8.8,1.64,25.76
2023-06-08,3.05,10.5,18.3,26,8.8,1.16,23.02
2023-06-09,4.58,8.7,16.1,23.6,9,0.44,18.15
2023-06-10,2.55,8.2,13.9,19.5,9.2,0.32,11.53
2023-06-11,0.29,9.6,15.9,22.2,9.7,0.6,15.2
2023-06-12,2.2,8.4,16.3,24.2,9.5,0.32,18.79
2023-06-13,1.37,9.6,16.1,22.5,10,0.52,14.87
2023-06-14,4.84,9.7,16.4,23,11,0.22,14.81
2023-06-15,0,5.1,12.4,19.7,0.3,0.74,18.29
2023-06-16,0,4.8,12.7,20.6,2.2,2.06,17.25
2023-06-17,0,6.9,14.6,22.3,3.7,2.12,18.75
2023-06-18,3.61,9.4,15.5,21.7,7.7,0.9,16.44
2023-06-19,3.11,5,10.7,16.5,3.6,0.3,12.13
2023-06-20,0,0.7,7.5,14.3,-0.3,0.92,10.98
2023-06-21,0,1,7.8,14.7,-1.1,0.99,11.63
2023-06-22,0,2.2,9.9,17.6,-2.6,1.64,16.01
2023-06-23,0,4.6,14.2,23.9,-1.1,3.26,24.59
2023-06-24,0,8.6,15.6,22.6,2.7,3.53,20.37
2023-06-25,0.28,8.2,16.8,25.5,4.4,2.77,25.54
2023-06-26,1.12,9.3,18.2,27.1,5.6,1.95,28.03
2023-06-27,0,8.6,16.2,23.8,6.6,1.59,20.76
2023-06-28,0,7.8,14.6,21.3,7.5,0.96,15.57
2023-06-29,0.1,8.1,15.7,23.3,8.3,0.91,17.72
2023-06-30,0,9.2,17.6,26.1,9.1,1.15,22.96
2023-07-01,0,11.3,20.5,29.7,8.2,2.35,31.62
2023-07-02,0,11,21.2,31.5,5.4,4.21,37.31
2023-07-03,0,10.4,20.9,31.3,2.8,5.02,38.22
2023-07-04,0,10.8,20,29.3,2.5,5.76,33.14
2023-07-05,0,8.2,17.4,26.7,1.6,3.78,28.67
2023-07-06,0,8.4,18,27.7,1.7,4.29,30.56
2023-07-07,0,9.3,20,30.6,2.6,5.01,37.41
2023-07-08,0,11.2,21.1,30.9,5.2,4.76,37.35
2023-07-09,0,12.2,21.2,30.2,7.1,4.93,33.78
2023-07-10,0,13.1,23.5,33.8,6.8,5.23,44.05
2023-07-11,0,12.8,22.1,31.4,7.1,5.54,35.57
2023-07-12,0,10.4,19.8,29.2,1.9,4.88,34.45
2023-07-13,0,10.2,20.8,31.5,1.6,6.28,40.03
2023-07-14,0,11.7,20.6,29.6,5.5,5.4,32.23
2023-07-15,0,12,20.9,29.8,3.2,5.34,35.31
2023-07-16,0,12.1,22.3,32.5,4,6.82,40.93
2023-07-17,0.1,14.3,25.1,35.9,5.1,8.59,50.95
2023-07-18,0,13.1,22.3,31.6,5.1,7.21,36.8
2023-07-19,0,11.5,21.4,31.3,0.7,6.88,39.18
2023-07-20,0,11.6,22.2,32.8,3.9,6.9,42.57
2023-07-21,0,14,24.2,34.5,5.8,6.51,46.35
2023-07-22,0,14.2,24.7,35.1,3.3,8.28,50.24
2023-07-23,0,14.5,25.3,36.1,3.1,9.88,53.08
2023-07-24,0,16.3,26.1,36,4.5,10.13,50.86
2023-07-25,0.66,13,20.8,28.5,8.9,2.66,28.61
2023-07-26,0,11.4,20.7,30,4.6,2.45,35.9
2023-07-27,0,10.9,21,31.2,3.4,5.65,38.63
2023-07-28,0,12.4,21.6,30.9,3.9,6.38,36.94
2023-07-29,0,11.8,21.9,32,2.8,5.99,41.13
2023-07-30,0,12.5,22.6,32.7,2.8,8.6,43.22
2023-07-31,0,13.2,22.8,32.4,-1.4,8.63,44.5
2023-08-01,0,12.3,22.6,32.9,-0.3,9.74,44.19
2023-08-02,0,14.2,24,33.7,4.1,8.75,45.34
2023-08-03,0.01,13.3,20.6,27.9,10.1,2.48,25.99
2023-08-04,4.17,12.3,20.4,28.6,11.2,0.49,27.75
2023-08-05,0,11.1,17.3,23.6,11.3,0.51,15.52
2023-08-06,0,10.8,19.1,27.4,8.5,1.03,26.57
2023-08-07,0,10.8,18.5,26.3,8.1,2.02,24.13
2023-08-08,0,8.8,15.4,22.1,8.5,1.11,15
2023-08-09,0,8.3,16.3,24.3,7.8,1.06,20.07
2023-08-10,0,9.9,19.8,29.8,7.2,2.32,32.42
2023-08-11,0,12.4,20,27.6,4.5,4.22,28.63
2023-08-12,0,12,21.3,30.6,4.1,6.47,35.27
2023-08-13,0,12.8,21.5,30.1,1.9,6.97,36.45
2023-08-14,0,12.9,21.5,30.1,5.2,6.54,33.44
2023-08-15,0,13.8,23.3,32.7,6.1,6.95,40.08
2023-08-16,0,15.1,25.3,35.4,5.7,7.98,48.63
2023-08-17,0,17,26.4,35.8,6,10.18,49.9
2023-08-18,0,15.4,24.9,34.5,8.6,5.49,45.05
2023-08-19,0,15.2,23,30.8,9.2,4.97,33.68
2023-08-20,0.94,14.4,21.8,29.1,9.3,4.4,28.87
2023-08-21,15.09,13.6,16.1,18.7,14.6,0.08,6.88
2023-08-22,5.85,13.4,18.6,23.7,14.2,0.49,12.59
2023-08-23,3.15,11,18.4,25.8,9.1,1.95,22.81
2023-08-24,0.51,11.6,18.8,25.9,8.3,3.01,23.4
2023-08-25,0,11.5,20.6,29.7,7.7,3.24,32.72
2023-08-26,0,14.3,21.7,29.2,9.5,4.63,28.69
2023-08-27,3.48,13.7,21.6,29.5,11.1,2.4,28.56
2023-08-28,0,13.6,22.1,30.6,9.9,3.12,32.11
2023-08-29,0,13.6,23.1,32.6,6.9,4.45,40.8
2023-08-30,0,10.9,21.5,32.2,4.8,5.33,39.98
2023-08-31,0,6.2,13.4,20.5,1.7,2.71,17.26
2023-09-01,0,5.8,16.7,27.5,0.4,2.9,31.26
2023-09-02,0,12.1,19.4,26.8,6.4,3.4,26.25
2023-09-03,2.46,13,18.8,24.6,11.4,0.23,19.43
2023-09-04,2.94,10.6,14.4,18.2,11,0.2,8.74
2023-09-05,0,7.3,13.1,19,8.4,0.45,10.79
2023-09-06,0,6.7,15.1,23.5,7.1,0.43,19.79
2023-09-07,0,7.5,16.8,26.1,6.9,1.09,25.2
2023-09-08,0,9.4,18.6,27.8,7.1,2.08,28.22
2023-09-09,0,9.3,17.7,26.1,3.9,3.04,26.25
2023-09-10,0,8.5,18.3,28.1,1.4,4.12,32.26
2023-09-11,0,10.3,19.5,28.6,3,5.3,32.25
2023-09-12,0,10.3,19.7,29.2,1.6,4.71,33.99
2023-09-13,0,10.7,19,27.3,4,4.8,27.9
2023-09-14,0,9.2,16.9,24.7,3.6,3.58,23.85
2023-09-15,0,7.7,16.2,24.7,1.7,3.45,24.28
2023-09-16,0,7.8,17.3,26.8,1.5,3.88,28.87
2023-09-17,0,8.6,18.6,28.5,-1.2,4.87,34.42
2023-09-18,0,9.4,19.2,29.1,-0.9,6.21,35.2
2023-09-19,0,9.5,18,26.5,1.8,5.16,27.88
2023-09-20,0,5.1,14,22.8,-5,3.76,22.54
2023-09-21,0,2.4,11.4,20.3,-3,2,19.36
2023-09-22,1.11,2.4,9.1,15.7,0.2,1.1,12.55
2023-09-23,0.42,1.7,8.2,14.7,0.5,0.84,10.92
2023-09-24,0,1.3,10.4,19.6,-2.3,1.17,18.1
2023-09-25,0,4.7,13.4,22.2,-0.1,3.38,20.97
2023-09-26,0,7,16.3,25.6,-1.1,4.05,28.02
2023-09-27,0,6.1,14.4,22.7,-1.8,3.37,23.07
2023-09-28,0,3.5,11.3,19,-0.4,2.47,15.82
2023-09-29,0,2.5,10.3,18,-4.4,2.49,16.6
2023-09-30,0.65,2.1,11.7,21.2,-1.8,2.13,20.65
2023-10-01,5.48,5.9,10.6,15.4,5.9,0.13,8.11